name,width_depleted,orientation,critical_depth,width_max,offset,tilt,gain,critical_depth_min,critical_depth_max,width_max_min,width_max_max,width_depleted_preferred
2014-1,0.75,-1,1.000,10.00,0.100,-0.0300,91.775,1.000,1.000,10.00,10.00,3.00
2014-2,1.00,-1,0.500,5.50,-0.050,0.0000,35.655,0.500,0.600,5.00,6.00,0.75
2014-3,0.75,-1,0.350,3.50,0.000,0.0000,37.021,0.350,0.350,3.50,3.50,1.00
2014-4,1.00,-1,0.450,5.50,0.000,0.0000,82.111,0.450,0.450,5.50,5.50,0.75
2014-5,1.00,1,0.600,5.50,-0.050,-0.0150,64.682,0.600,0.700,5.00,5.50,3.00
2014-6,0.75,-1,0.700,2.00,0.000,0.0000,11.944,0.600,1.000,1.00,2.00,1.50
2014-7,1.00,1,0.000,0.00,0.150,0.0300,-6.182,0.000,0.300,0.00,10.00,0.25
2014-8,1.00,1,0.400,6.00,0.000,0.0150,58.847,0.400,0.400,6.00,6.00,1.50
2014-9,1.00,-1,0.350,6.50,0.000,0.0000,34.465,0.350,0.400,5.50,7.00,0.50
2014-10,0.75,-1,0.700,1.50,0.000,-0.0150,29.700,0.600,0.700,1.50,1.50,0.00
2014-11,0.75,1,0.500,5.00,0.000,0.0150,40.155,0.500,0.500,4.50,5.00,0.75
2014-12,0.75,-1,0.050,4.50,0.000,0.0150,10.518,0.050,0.250,2.00,6.00,0.75
2014-13,0.75,-1,0.100,4.00,0.050,0.0000,11.124,0.050,0.100,3.00,10.00,0.00
2014-14,1.00,1,0.350,7.00,0.000,0.0000,44.979,0.350,0.400,6.00,7.50,0.00
2014-15,0.75,-1,0.100,2.50,0.150,0.0300,16.586,0.050,0.150,1.50,9.00,0.25
2014-16,1.00,-1,0.500,5.00,-0.050,-0.0150,38.756,0.500,0.500,5.00,5.00,1.75
2014-17,1.00,-1,0.650,0.50,-0.100,0.0300,12.070,0.400,0.800,0.00,3.00,0.25
2014-18,0.75,-1,0.250,4.50,0.100,0.0150,33.255,0.250,0.250,3.50,5.50,0.25
2014-19,0.75,-1,0.100,6.50,0.000,0.0000,4.062,0.100,0.100,2.50,7.50,0.50
2014-20,1.00,-1,0.350,4.00,0.250,-0.0300,18.235,0.350,0.700,2.50,5.50,1.50
2014-21,0.75,1,0.150,5.00,-0.400,-0.0300,-0.644,0.000,0.800,0.00,10.00,0.00
2014-22,0.75,1,0.100,6.50,0.200,0.0000,7.642,0.100,0.100,6.00,7.00,0.25
2014-23,0.75,-1,0.400,2.50,0.000,-0.0150,27.256,0.350,0.400,2.50,2.50,0.50
2014-24,0.75,-1,0.400,4.50,-0.100,0.0000,20.700,0.350,0.450,4.00,5.00,0.75
2014-25,1.00,-1,0.400,6.50,0.000,0.0000,62.100,0.400,0.400,5.50,6.50,1.25
2014-26,1.00,-1,0.450,5.50,0.000,0.0000,36.330,0.450,0.450,5.50,5.50,0.25
2014-27,0.75,1,0.150,4.00,-0.200,-0.0300,-2.604,0.050,0.200,3.00,6.50,0.00
2014-28,0.75,1,0.350,3.50,0.000,0.0000,13.493,0.300,0.350,3.50,3.50,0.50
2014-29,0.75,-1,0.300,4.50,0.000,0.0000,60.608,0.300,0.300,4.50,4.50,1.00
2014-30,0.75,1,0.350,4.50,-0.050,0.0000,10.392,0.350,0.400,3.50,5.00,0.75
2014-31,0.75,1,0.400,3.00,0.000,0.0000,27.015,0.350,0.400,3.00,3.50,0.75
2014-32,1.00,1,0.300,5.50,0.050,0.0000,36.126,0.300,0.300,5.50,6.00,0.00
2014-33,1.00,-1,0.350,5.50,0.000,-0.0150,45.224,0.350,0.400,5.50,6.50,0.50
2014-34,0.75,1,0.200,3.00,0.000,0.0000,8.061,0.150,0.500,0.00,4.50,0.50
2014-35,0.75,-1,0.450,7.00,0.000,-0.0150,58.858,0.450,0.450,5.00,7.00,2.50
2014-36,0.75,1,1.000,10.00,0.100,-0.0150,49.062,0.950,1.000,10.00,10.00,3.00
2014-37,0.75,1,0.350,8.00,0.150,-0.0300,19.741,0.300,0.350,4.00,10.00,1.50
2014-38,0.75,1,1.000,0.50,0.000,0.0000,8.760,0.250,1.000,0.00,2.00,0.75
2014-39,1.00,1,0.450,6.00,0.000,-0.0300,49.006,0.400,0.450,6.00,6.50,1.00
2014-40,0.75,-1,0.400,4.50,0.000,0.0150,20.254,0.400,0.400,4.00,4.50,0.25
2014-41,1.00,1,0.350,4.50,0.000,0.0000,20.416,0.300,0.400,4.00,5.00,0.00
2014-42,1.00,-1,0.350,6.00,-0.050,0.0150,26.290,0.300,0.400,5.00,7.00,0.00
2014-43,1.00,-1,0.400,5.50,-0.100,0.0000,31.351,0.350,0.450,2.50,7.50,0.75
2014-44,0.75,1,0.300,5.00,0.000,-0.0150,9.372,0.250,0.400,4.00,7.00,0.00
2014-45,1.00,1,0.400,4.50,0.000,0.0000,37.859,0.350,0.450,4.50,5.00,1.50
2014-46,0.75,1,0.250,4.00,0.050,0.0000,7.749,0.150,0.500,3.00,5.00,0.75
2014-47,0.75,-1,0.750,0.50,0.000,0.0000,14.971,0.150,1.000,0.50,1.00,1.00
2014-48,1.00,1,0.750,5.00,-0.150,0.0150,42.281,0.650,1.000,3.50,6.00,0.50
2014-49,1.00,1,0.200,6.00,-0.100,0.0150,-4.049,0.050,0.250,1.50,8.00,0.00
2014b-1,0.75,-1,0.500,3.00,0.050,0.0300,14.246,0.050,0.600,0.00,6.00,0.50
2014b-2,1.00,1,0.400,5.50,0.050,0.0000,63.604,0.400,0.450,5.00,5.50,0.50
2014b-3,1.00,1,0.150,6.50,0.000,0.0150,4.643,0.150,0.250,4.00,7.50,0.00
2014b-4,0.75,1,0.450,4.50,-0.050,-0.0150,9.144,0.350,0.450,4.50,5.50,0.25
2014b-5,1.00,1,0.200,6.00,-0.100,0.0300,23.442,0.200,0.200,6.00,6.00,0.50
2014b-6,1.00,1,0.700,7.50,-0.050,0.0150,43.764,0.700,0.700,7.00,8.00,1.25
2014b-7,0.75,-1,0.350,4.00,0.000,0.0150,17.252,0.350,0.350,4.00,4.00,1.00
2014b-8,0.75,-1,0.400,5.00,0.150,-0.0150,46.146,0.400,0.450,5.00,5.00,1.50
2014b-9,1.00,1,0.150,6.50,0.150,-0.0300,10.779,0.100,0.500,5.00,10.00,0.25
2014b-10,1.00,1,0.250,7.00,-0.350,-0.0300,11.610,0.250,0.300,6.00,7.50,0.25
2014b-11,1.00,1,0.250,1.50,-0.200,-0.0300,-1.186,0.100,0.300,0.00,1.50,0.00
2014b-12,0.75,-1,0.200,0.00,0.250,0.0150,7.967,0.000,0.400,0.00,10.00,0.25
2014b-13,1.00,-1,0.350,6.50,-0.100,0.0150,48.874,0.350,0.350,6.50,6.50,0.50
2014b-14,0.75,-1,0.650,1.50,0.050,-0.0300,5.894,0.600,0.800,1.50,3.50,1.25
2014b-15,0.75,1,0.450,4.50,0.050,0.0150,43.795,0.450,0.450,4.50,4.50,2.50
2014b-16,0.75,1,0.450,5.00,0.100,0.0300,26.899,0.450,0.450,5.00,5.00,1.50
2014b-17,0.75,-1,0.150,5.50,0.150,-0.0300,18.905,0.150,0.150,5.50,5.50,0.00
2014b-18,0.75,1,0.450,6.00,0.000,0.0300,34.553,0.400,0.450,6.00,6.00,0.25
2014b-19,0.75,-1,0.300,6.00,0.250,-0.0300,13.388,0.300,0.300,6.00,6.50,0.25
2014b-20,1.00,-1,0.200,7.50,0.200,0.0300,7.152,0.050,0.450,4.00,10.00,0.00
2014b-21,1.00,-1,0.600,8.00,0.150,-0.0300,-1.929,0.600,0.600,8.00,8.00,0.00
2014b-22,1.00,-1,0.250,6.00,0.300,-0.0300,9.287,0.150,1.000,2.00,9.00,2.25
2014b-23,0.75,-1,0.400,5.00,0.000,-0.0150,19.418,0.350,0.500,4.50,5.00,0.00
2014b-24,1.00,1,0.400,5.50,0.100,0.0000,39.914,0.400,0.450,5.50,6.00,0.00
2014b-25,1.00,1,0.100,6.00,0.050,0.0000,22.162,0.050,0.250,0.00,9.50,0.50
2014b-26,1.00,1,0.500,4.50,-0.250,-0.0300,21.122,0.450,0.500,4.50,6.00,0.00
2014b-27,1.00,1,0.300,9.00,-0.050,-0.0150,-5.428,0.250,0.350,3.50,10.00,0.00
2014b-28,1.00,1,0.400,5.00,0.000,0.0000,55.608,0.400,0.400,5.00,5.00,1.50
2014b-29,1.00,1,1.000,3.00,-0.050,-0.0300,10.744,1.000,1.000,3.00,3.00,2.00
2014b-30,1.00,-1,0.950,1.50,0.350,0.0300,5.561,0.850,1.000,1.50,1.50,1.25
2014b-31,0.75,-1,0.350,5.00,-0.050,-0.0150,32.151,0.350,0.350,5.00,5.00,1.00
2014b-32,0.75,-1,0.350,4.50,-0.300,-0.0150,11.440,0.150,0.350,4.50,9.50,0.50
2014b-33,0.75,-1,0.450,2.00,0.050,0.0150,29.879,0.300,0.450,2.00,7.00,0.00
2014b-34,1.00,1,0.350,4.50,-0.400,-0.0300,18.307,0.300,0.350,4.00,5.50,1.25
2014b-35,1.00,1,0.850,3.50,0.050,0.0000,25.770,0.850,0.850,3.50,3.50,1.25
2014b-36,1.00,1,0.100,8.50,0.050,-0.0300,11.498,0.050,0.250,0.50,10.00,0.50
2014b-37,1.00,1,0.500,9.00,0.400,-0.0300,11.474,0.300,0.500,9.00,10.00,1.00
2014b-38,1.00,1,0.450,5.50,-0.600,-0.0300,37.848,0.400,0.550,5.50,6.00,0.75
2014b-39,0.75,-1,0.350,2.00,-0.400,0.0000,25.579,0.300,0.400,2.00,5.50,0.50
2014b-40,0.75,-1,0.150,10.00,0.100,-0.0150,13.238,0.150,0.350,3.00,10.00,0.25
2014b-41,0.75,1,0.300,5.00,0.050,0.0000,21.958,0.300,0.300,5.00,5.00,0.50
2014b-42,1.00,1,0.050,6.00,0.100,-0.0150,10.535,0.050,0.100,0.00,7.00,0.50
2014b-43,1.00,1,0.400,7.00,0.000,-0.0150,57.533,0.400,0.400,7.00,7.00,1.00
2014b-44,1.00,-1,0.700,0.50,-0.100,-0.0150,11.863,0.450,0.750,0.00,1.00,1.00
2014b-45,0.75,1,0.750,2.50,-0.250,0.0150,18.028,0.450,1.000,2.50,3.00,2.25
2014b-46,1.00,1,0.300,8.00,0.200,-0.0300,-2.312,0.200,0.300,6.50,10.00,0.00
2014b-47,1.00,1,0.600,7.00,0.300,0.0300,29.280,0.550,0.600,6.50,7.00,1.00
2014b-48,1.00,1,0.500,2.00,-0.050,-0.0150,24.166,0.450,0.500,2.00,2.00,0.00
2014b-49,1.00,1,0.100,7.00,0.500,-0.0300,4.573,0.100,0.200,2.50,7.00,0.00
2014b-50,1.00,1,0.750,3.00,-0.100,-0.0300,31.129,0.700,0.750,3.00,3.00,1.25
2014b-51,0.75,-1,0.250,7.00,-0.350,-0.0300,17.223,0.250,0.250,6.50,7.00,1.00
2014b-52,0.75,1,0.250,8.00,0.150,-0.0150,10.655,0.250,0.250,8.00,8.00,0.25
2014b-53,0.75,1,0.200,3.00,0.150,0.0150,14.784,0.050,0.250,3.00,7.00,0.75
2014b-54,0.75,1,0.400,10.00,-0.150,-0.0150,13.653,0.350,0.400,9.50,10.00,1.50
2014b-55,1.00,1,0.350,8.50,-0.200,0.0300,12.259,0.350,0.400,8.00,8.50,0.75
2014b-56,1.00,-1,0.850,3.00,0.500,0.0300,17.183,0.700,0.850,1.50,3.00,2.00
2014b-57,1.00,-1,0.450,10.00,-0.400,-0.0300,8.293,0.400,0.600,9.00,10.00,0.50
2014b-58,1.00,1,0.300,5.00,-0.400,-0.0300,48.448,0.300,0.300,5.00,5.00,1.75
2014b-59,0.75,-1,0.950,4.50,0.450,-0.0300,21.463,0.950,0.950,4.50,4.50,1.25
2014b-60,0.75,-1,0.250,6.00,-0.150,0.0150,19.074,0.250,0.300,5.50,6.00,0.00
2014b-61,0.75,1,0.350,3.50,0.050,0.0300,0.035,0.150,0.350,2.00,4.50,0.00
2014b-62,0.75,1,0.200,8.00,0.350,-0.0300,-3.925,0.200,0.200,7.50,8.00,0.25
2014b-63,1.00,-1,0.550,2.00,0.350,-0.0150,10.099,0.500,0.800,0.00,2.00,0.75
2014b-64,1.00,1,0.450,6.50,-0.550,0.0000,25.454,0.450,0.450,6.00,6.50,0.75
2014b-65,1.00,-1,0.600,5.00,0.000,-0.0300,38.441,0.550,0.700,4.50,5.00,0.00
2014b-66,1.00,-1,0.450,6.50,-0.600,0.0000,15.414,0.450,0.550,6.00,7.50,1.00
2014b-67,0.75,-1,0.450,3.00,-0.300,0.0300,4.052,0.450,0.800,2.00,3.00,0.00
2014b-68,0.75,-1,0.250,0.00,-0.300,-0.0150,1.317,0.100,0.250,0.00,7.50,0.50
2014b-69,1.00,-1,0.300,3.50,0.100,0.0000,4.415,0.300,0.300,3.50,5.00,0.00
2014b-70,1.00,-1,0.200,2.50,-0.500,-0.0300,8.059,0.100,0.300,0.00,3.50,0.25
2014b-71,0.75,-1,0.650,4.00,-0.050,0.0150,12.016,0.350,0.650,4.00,4.50,0.50
2014b-72,1.00,1,0.300,3.50,0.450,0.0150,14.388,0.300,0.300,3.50,3.50,0.25
2014b-73,0.75,1,0.600,1.50,0.400,-0.0300,-5.305,0.000,0.700,0.00,10.00,0.00
2014b-74,1.00,1,0.450,7.00,0.000,-0.0150,55.765,0.450,0.450,7.00,7.00,0.00
2014b-75,1.00,-1,0.750,5.50,-0.350,0.0150,19.684,0.750,0.750,5.50,5.50,0.00
2014b-76,0.75,-1,0.250,6.00,-0.400,-0.0300,10.617,0.200,0.350,6.00,9.00,0.50
2014b-77,1.00,1,0.500,8.50,-0.300,-0.0300,40.877,0.500,0.500,8.50,8.50,0.50
2014b-78,0.75,-1,0.250,3.50,0.000,0.0000,15.096,0.250,0.300,2.50,3.50,0.00
2014b-79,1.00,-1,0.750,1.00,0.400,0.0300,43.964,0.750,0.750,1.00,1.00,1.75
2014b-80,0.75,1,0.500,1.00,0.600,-0.0150,11.240,0.400,0.550,0.50,1.00,1.00
2014b-81,1.00,1,0.650,9.00,-0.050,0.0000,36.742,0.650,0.650,8.50,9.00,1.50
2014b-82,1.00,1,0.500,7.00,-0.600,0.0150,41.763,0.500,0.500,7.00,7.00,1.50
2014b-83,1.00,1,0.250,3.00,0.600,-0.0300,-1.944,0.150,0.350,0.00,5.00,0.25
2014b-84,0.75,1,0.050,1.00,0.300,0.0000,12.796,0.050,0.400,0.50,1.00,3.00
2014b-85,1.00,1,0.800,2.50,-0.100,-0.0150,21.506,0.750,1.000,1.50,4.00,2.75
2014b-86,1.00,-1,0.650,4.50,0.250,0.0300,42.676,0.600,0.650,4.50,4.50,1.00
2014b-87,0.75,-1,0.450,3.00,0.500,-0.0300,2.018,0.000,0.850,0.00,10.00,0.25
2014b-88,1.00,1,0.600,1.00,0.550,-0.0300,4.360,0.000,0.850,0.00,10.00,1.25
2014b-89,1.00,-1,0.750,2.50,-0.300,0.0150,2.446,0.450,0.750,2.00,2.50,0.25
2014b-90,1.00,1,0.450,5.50,0.250,0.0000,23.175,0.400,0.450,5.50,6.00,1.50
2014b-91,1.00,-1,0.950,6.00,0.100,0.0000,38.681,0.550,0.950,3.50,8.50,2.00
2014b-92,1.00,1,0.600,5.50,0.050,0.0000,40.118,0.600,0.600,5.50,5.50,0.75
2014b-93,1.00,1,1.000,3.50,-0.150,-0.0300,37.892,0.950,1.000,3.50,3.50,2.75
2014b-94,1.00,1,0.550,6.00,-0.500,-0.0300,48.112,0.500,0.550,6.00,6.50,1.25
2014b-95,1.00,1,1.000,2.50,-0.050,-0.0300,41.800,0.950,1.000,2.50,3.00,2.00
2014b-96,1.00,-1,0.450,3.50,-0.050,-0.0150,3.400,0.150,1.000,0.50,4.50,0.25
2014b-97,0.75,-1,0.350,3.00,0.150,0.0300,11.753,0.300,0.400,2.50,3.00,1.00
2014b-98,0.75,-1,0.250,5.50,0.500,0.0300,22.697,0.250,0.300,4.50,5.50,2.50
2014b-99,0.75,1,0.300,8.00,0.100,-0.0300,15.138,0.200,0.300,8.00,10.00,1.00
2014b-100,1.00,1,0.600,4.00,0.050,0.0300,23.349,0.600,0.650,4.00,4.00,1.75
2014b-101,0.75,1,0.450,3.50,0.050,-0.0150,24.171,0.450,0.500,3.50,4.50,0.25
2014b-102,1.00,-1,0.350,9.00,0.150,0.0150,7.292,0.050,0.650,0.00,9.00,0.25
2014b-103,1.00,1,0.500,3.50,0.100,-0.0150,22.618,0.400,0.500,3.50,3.50,0.75
2014b-104,1.00,1,0.400,6.00,-0.300,0.0150,16.191,0.400,0.400,6.00,6.00,0.00
2014b-105,1.00,1,0.400,4.50,0.600,0.0300,24.645,0.400,0.400,4.50,4.50,0.50
2014b-106,1.00,-1,0.300,8.00,-0.100,-0.0150,42.809,0.300,0.400,6.00,8.50,1.25
2014b-107,0.75,1,0.850,2.00,0.150,-0.0150,18.310,0.850,0.850,2.00,2.00,1.75
2014b-108,1.00,1,0.450,7.00,-0.100,0.0000,54.879,0.450,0.450,7.00,7.00,2.75
2014b-109,0.75,-1,0.800,4.00,-0.100,-0.0150,26.512,0.700,0.850,4.00,4.50,2.75
2014b-110,1.00,1,0.200,3.50,-0.600,0.0300,9.213,0.150,0.750,1.50,5.50,0.00
2014b-111,1.00,1,0.300,9.50,0.350,-0.0300,-0.617,0.300,0.450,1.50,9.50,0.50
2014b-112,0.75,1,0.650,3.50,-0.200,0.0000,20.258,0.200,0.700,3.50,5.00,1.25
2014b-113,0.75,1,0.300,4.00,-0.300,0.0300,15.281,0.250,0.300,4.00,5.00,0.75
2014b-114,1.00,1,0.600,0.00,0.050,0.0000,2.769,0.000,0.650,0.00,10.00,0.75
2014b-115,0.75,1,0.450,9.50,0.000,0.0000,19.087,0.350,0.500,7.50,10.00,0.25
2014b-116,0.75,-1,0.600,2.50,-0.600,-0.0300,3.113,0.100,0.800,2.50,8.00,0.50
2014b-117,0.75,-1,0.550,2.50,-0.400,0.0300,9.782,0.550,0.650,2.00,2.50,0.00
2014b-118,1.00,1,0.400,2.00,-0.400,0.0300,8.184,0.400,0.400,2.00,2.50,0.50
2014b-119,1.00,1,0.350,5.00,0.100,0.0300,48.144,0.350,0.400,5.00,6.50,0.75
2014b-120,1.00,1,0.400,5.50,0.000,0.0000,69.044,0.400,0.400,5.50,5.50,1.00
2014b-121,1.00,1,0.450,6.00,0.050,-0.0300,7.851,0.000,0.600,0.00,10.00,0.75
2014b-122,0.75,-1,0.400,7.00,-0.150,0.0300,42.803,0.400,0.450,6.50,7.50,0.50
2014b-123,1.00,1,0.350,9.50,-0.100,0.0300,32.108,0.350,0.350,9.50,9.50,0.00
2014b-124,1.00,1,0.450,10.00,0.250,0.0000,53.461,0.450,0.650,6.50,10.00,0.75
2014b-125,1.00,1,0.400,8.50,-0.050,0.0150,61.496,0.400,0.400,8.50,9.00,0.50
2014b-126,1.00,-1,0.700,2.50,-0.100,-0.0300,13.812,0.650,1.000,2.00,3.50,2.00
2014b-127,1.00,1,0.450,3.50,-0.300,0.0300,5.778,0.350,0.800,3.00,4.00,0.25
2014b-128,1.00,1,0.500,7.50,0.000,-0.0150,77.392,0.500,0.500,6.50,7.50,1.00
2014b-129,1.00,1,0.250,6.00,0.400,0.0150,23.005,0.250,0.300,4.00,6.00,0.25
2014b-130,1.00,-1,0.350,2.00,-0.250,-0.0150,18.235,0.350,0.350,2.00,2.00,1.00
2014b-131,0.75,1,0.150,3.50,-0.200,-0.0300,5.412,0.150,0.150,3.00,3.50,0.25
2014b-132,1.00,-1,1.000,1.00,0.250,0.0300,15.073,0.850,1.000,0.50,1.00,1.25
2014b-133,1.00,1,0.850,4.00,0.400,-0.0150,18.096,0.850,0.850,4.00,4.00,2.00
2014b-134,1.00,-1,0.300,8.50,-0.100,-0.0300,35.637,0.300,0.300,8.50,8.50,0.75
2014b-135,0.75,1,0.200,4.00,-0.200,-0.0300,-6.349,0.000,0.250,0.00,10.00,0.00
2014b-136,1.00,-1,0.200,5.00,0.000,-0.0150,36.819,0.200,0.250,4.00,5.50,1.25
2014b-137,1.00,-1,0.200,9.50,-0.400,0.0300,4.560,0.150,0.400,2.00,10.00,0.00
2014b-138,0.75,1,0.950,3.50,-0.600,0.0300,17.344,0.850,1.000,2.50,3.50,3.00
2014b-139,1.00,1,0.550,6.00,0.000,0.0150,41.325,0.450,0.550,6.00,6.00,0.50
2014b-140,0.75,-1,0.150,3.50,-0.250,-0.0150,24.049,0.050,0.350,3.50,10.00,0.00
2014b-141,1.00,1,1.000,4.50,0.200,0.0300,33.738,1.000,1.000,4.00,4.50,3.00
2014b-142,1.00,1,0.350,3.00,0.200,-0.0150,18.157,0.350,0.350,2.50,3.50,1.00
2014b-143,1.00,1,0.450,8.00,-0.250,0.0150,33.936,0.450,0.450,8.00,8.00,0.25
2014b-144,1.00,-1,0.300,8.00,0.100,0.0300,26.908,0.200,0.300,6.00,10.00,1.00
2014b-145,1.00,1,0.450,6.50,-0.050,-0.0150,70.398,0.450,0.500,6.00,6.50,2.50
2014b-146,1.00,1,0.350,7.00,0.100,-0.0300,25.265,0.350,0.350,6.50,7.00,0.25
2014b-147,0.75,-1,0.100,3.00,-0.600,0.0300,5.674,0.100,0.100,2.00,3.50,0.00
2014b-148,1.00,-1,0.450,4.50,-0.450,0.0300,35.601,0.450,0.500,4.50,4.50,1.25
2014b-149,1.00,1,0.200,7.00,-0.150,0.0300,19.124,0.150,0.300,4.00,7.50,0.75
2014b-150,0.75,-1,0.150,7.50,-0.400,0.0300,12.607,0.150,0.150,6.50,7.50,0.75
2014b-151,1.00,-1,0.950,5.00,-0.600,0.0300,17.242,0.900,0.950,5.00,5.00,0.00
2014b-152,1.00,1,0.450,6.00,0.300,0.0150,53.765,0.400,0.500,5.50,6.00,2.25
2014b-153,0.75,-1,0.450,5.50,-0.150,0.0000,41.415,0.450,0.450,5.50,5.50,1.50
2014b-154,1.00,-1,0.550,2.50,-0.050,0.0300,21.154,0.550,0.800,2.50,3.00,0.50
2014b-155,1.00,1,0.400,3.50,0.250,0.0150,33.894,0.350,0.400,3.50,4.00,1.00
2014b-156,1.00,1,0.650,5.50,-0.100,-0.0150,89.411,0.600,0.650,5.50,6.00,2.75
2014b-157,0.75,-1,0.250,2.00,0.100,0.0300,19.995,0.250,0.300,1.50,2.50,1.25
2014b-158,1.00,-1,0.350,4.00,0.050,0.0000,23.669,0.250,0.350,4.00,4.50,1.00
2014b-159,1.00,-1,0.350,3.50,-0.250,0.0300,16.939,0.350,0.750,3.50,7.50,1.75
2014b-160,1.00,-1,0.350,0.00,-0.050,-0.0150,12.569,0.300,0.350,0.00,0.50,0.50
2014b-161,1.00,1,0.350,6.00,-0.050,0.0000,59.016,0.350,0.350,6.00,6.00,1.00
2014b-162,0.75,1,0.350,2.00,0.300,0.0150,13.155,0.200,0.350,1.50,2.50,0.00
2014b-163,1.00,-1,0.450,6.00,0.050,0.0300,37.921,0.400,0.450,6.00,6.50,0.00
2014b-164,1.00,1,0.800,6.00,-0.450,0.0300,9.389,0.800,0.800,6.00,6.00,0.00
2014b-165,0.75,-1,0.950,1.00,0.150,0.0300,32.351,0.950,0.950,1.00,1.00,0.75
2014b-166,1.00,1,0.400,6.50,0.000,0.0300,15.293,0.400,0.400,6.50,6.50,0.00
2014b-167,0.75,1,0.450,5.50,0.050,0.0000,33.661,0.450,0.450,5.00,5.50,1.00
2014b-168,0.75,-1,0.950,4.00,-0.450,-0.0300,12.720,0.350,0.950,4.00,7.50,3.00
2014b-169,1.00,1,0.350,5.00,0.050,0.0300,17.096,0.300,0.350,5.00,5.50,0.75
2014b-170,1.00,-1,0.400,5.50,0.000,0.0000,36.005,0.400,0.450,5.50,5.50,0.25
2014b-171,0.75,1,0.400,4.00,-0.050,0.0000,30.001,0.400,0.400,4.00,4.00,0.75
2014b-172,1.00,1,0.350,6.50,0.050,0.0000,63.489,0.350,0.400,5.00,6.50,1.50
2014b-173,1.00,-1,0.400,5.50,-0.250,-0.0300,33.430,0.400,0.400,5.50,5.50,0.50
2014b-174,1.00,-1,0.950,8.00,-0.150,0.0150,25.958,0.950,1.000,6.50,8.00,3.00
2014b-175,1.00,-1,0.400,6.00,0.150,0.0000,41.894,0.400,0.400,6.00,6.00,0.25
2014b-176,1.00,-1,0.350,5.50,0.000,0.0150,49.867,0.350,0.450,5.00,5.50,1.00
2014b-177,0.75,1,0.500,2.50,0.300,0.0300,21.066,0.500,0.500,2.50,2.50,0.50
2014b-178,1.00,1,0.800,5.00,-0.150,0.0300,79.063,0.800,0.800,5.00,6.00,0.50
2014b-179,1.00,-1,0.350,5.50,0.000,0.0150,73.623,0.350,0.400,5.00,5.50,1.50
2014b-180,1.00,1,0.400,5.50,0.000,-0.0150,39.334,0.250,0.450,5.00,5.50,0.00
2014b-181,1.00,1,0.400,6.50,-0.050,-0.0150,43.371,0.400,0.400,5.50,6.50,0.00
2014b-182,1.00,-1,0.350,6.50,0.000,0.0000,46.624,0.350,0.400,5.50,6.50,0.50
2014b-183,1.00,-1,0.300,5.50,-0.050,0.0150,49.669,0.300,0.300,5.50,5.50,0.50
2014b-184,1.00,1,0.400,5.50,0.150,0.0150,46.789,0.400,0.450,5.50,5.50,1.50
2014b-185,1.00,-1,0.550,5.50,0.050,0.0150,47.582,0.500,0.550,5.00,6.00,1.00
2014b-186,1.00,1,0.500,4.50,-0.400,-0.0300,19.758,0.450,0.500,4.50,6.50,0.25
2014b-187,1.00,1,0.450,8.00,0.050,0.0150,36.896,0.450,0.450,6.50,8.00,0.75
2014b-188,1.00,1,0.850,2.50,-0.550,0.0150,14.010,0.650,0.950,1.00,3.50,3.00
2014b-189,0.75,1,0.400,5.50,-0.050,-0.0300,41.797,0.400,0.400,5.50,5.50,0.75
2014b-190,0.75,1,0.450,4.00,0.000,0.0000,54.245,0.300,0.450,4.00,4.50,2.00
2014b-191,1.00,-1,0.550,6.50,0.150,0.0300,22.826,0.550,0.550,6.50,7.00,0.50
2014b-192,0.75,-1,0.300,3.00,0.100,0.0300,19.487,0.300,0.300,3.00,3.50,0.00
2014b-193,0.75,1,0.200,6.00,0.000,0.0000,23.235,0.200,0.200,5.50,6.50,0.50
2014b-194,1.00,-1,0.500,4.00,-0.500,0.0000,29.912,0.500,0.500,4.00,4.00,0.50
2014b-195,1.00,1,0.100,5.00,-0.400,0.0300,9.219,0.000,0.100,0.00,10.00,0.75
2014b-196,1.00,1,0.400,6.50,0.000,0.0000,63.512,0.400,0.400,6.50,6.50,0.50
2014b-197,1.00,1,0.450,5.50,0.000,0.0000,79.182,0.450,0.450,5.50,5.50,0.25
2014b-198,1.00,1,0.600,6.00,0.150,0.0000,33.900,0.400,0.650,5.50,6.50,1.25
2014b-199,1.00,1,0.450,5.50,-0.250,0.0300,30.108,0.450,0.450,5.50,5.50,1.75
2014b-200,1.00,1,0.350,6.50,-0.050,0.0000,76.175,0.350,0.350,6.50,6.50,1.00
2014b-201,0.75,1,0.350,6.00,-0.100,-0.0150,37.922,0.350,0.550,5.00,6.00,1.00
2014b-202,1.00,1,0.350,7.00,0.000,0.0000,53.165,0.350,0.350,7.00,7.00,1.00
2014b-203,1.00,-1,0.350,7.00,-0.050,0.0300,33.959,0.350,0.350,7.00,7.00,0.00
2014b-204,1.00,1,0.550,6.50,-0.200,0.0300,31.589,0.500,0.550,6.50,7.00,1.25
2014b-205,1.00,-1,0.250,6.50,-0.100,0.0300,11.801,0.250,0.250,6.50,6.50,2.00
2014b-206,1.00,-1,0.400,6.00,0.050,0.0000,39.948,0.350,0.400,6.00,6.50,2.50
2014b-207,0.75,1,0.350,4.50,-0.050,0.0000,40.669,0.350,0.350,4.50,4.50,0.75
2014b-208,1.00,-1,0.450,6.00,-0.050,0.0150,44.814,0.450,0.450,6.00,6.00,1.25
2014b-209,1.00,1,0.500,3.50,-0.050,0.0000,33.247,0.300,0.500,2.50,8.00,1.25
2014b-210,1.00,1,0.400,5.00,0.000,-0.0300,51.250,0.400,0.400,5.00,5.50,0.75
2014b-211,0.75,1,0.300,5.00,0.050,0.0000,18.546,0.250,0.350,5.00,6.50,0.50
2014b-212,1.00,1,0.400,6.50,0.000,0.0150,50.934,0.400,0.400,6.50,7.00,1.00
2014b-213,0.75,1,0.150,1.50,-0.050,0.0000,5.004,0.050,0.950,0.50,3.50,1.00
2014b-214,1.00,1,0.850,3.00,-0.050,0.0150,14.915,0.850,0.850,3.00,3.00,3.00
2014b-215,1.00,-1,0.350,7.00,-0.200,-0.0150,81.880,0.350,0.350,7.00,7.00,1.00
2014b-216,1.00,1,0.500,9.00,-0.050,0.0300,2.804,0.150,0.800,2.00,9.00,2.00
2014b-217,1.00,-1,0.400,6.00,0.050,0.0000,57.048,0.300,0.450,6.00,7.50,0.00
2014b-218,1.00,1,0.400,4.50,0.000,0.0150,40.917,0.400,0.400,4.50,6.50,1.00
2014b-219,1.00,-1,0.450,6.50,0.050,0.0000,29.958,0.400,0.450,6.50,6.50,0.00
2014b-220,1.00,1,0.400,7.50,0.000,0.0000,54.413,0.400,0.400,7.50,7.50,1.25
2018-1,0.75,1,0.400,3.50,0.000,-0.0150,29.082,0.350,0.400,2.50,4.00,1.25
2018-2,0.75,1,0.250,4.50,0.000,-0.0150,26.598,0.250,0.650,2.50,5.00,0.50
2018-3,0.75,-1,0.550,2.00,-0.050,0.0300,8.618,0.400,0.700,1.50,4.50,0.25
2018-4,0.75,1,0.400,5.00,0.050,0.0300,46.234,0.400,0.400,5.00,5.00,1.25
2018-5,0.75,-1,0.400,3.50,0.000,0.0000,47.205,0.350,0.550,3.00,3.50,0.75
2018-6,0.75,-1,0.450,4.00,0.000,0.0150,43.426,0.450,0.450,4.00,4.00,1.25
2018-7,0.75,-1,0.350,5.00,0.000,-0.0300,68.479,0.350,0.350,5.00,5.00,1.00
2018-8,0.75,-1,0.400,2.00,0.000,0.0000,8.844,0.400,0.900,0.50,2.50,0.25
2018-9,1.00,1,0.350,4.50,-0.100,0.0000,18.663,0.350,0.350,4.00,5.00,0.25
2018-10,0.75,-1,0.450,5.00,0.000,0.0150,23.817,0.400,0.450,5.00,5.00,0.50
2018-11,0.75,1,0.500,4.50,0.000,-0.0150,36.097,0.450,0.500,4.50,4.50,0.50
2018-12,0.75,-1,0.400,4.50,0.000,-0.0300,17.358,0.350,0.650,1.50,7.00,0.75
2018-13,0.75,-1,0.600,2.50,0.050,-0.0150,16.619,0.600,0.600,2.50,3.00,0.75
2018-14,0.75,1,0.600,2.00,0.000,0.0300,5.150,0.150,0.700,1.50,6.00,0.00
2018-15,0.75,1,0.600,6.00,0.200,0.0300,75.929,0.600,0.600,5.50,6.00,0.50
2018-16,0.75,1,0.300,5.00,0.000,-0.0150,54.492,0.300,0.350,3.50,7.00,1.00
2018-17,0.75,1,0.350,5.00,-0.050,0.0000,58.993,0.350,0.350,5.00,5.50,0.75
2018-18,0.75,1,0.250,5.50,0.050,0.0000,37.877,0.250,0.250,5.50,6.00,1.00
2018-19,0.75,-1,0.250,3.50,-0.050,0.0150,19.193,0.250,0.350,2.00,3.50,1.50
2018-20,0.75,1,0.600,2.50,-0.050,0.0000,6.104,0.200,1.000,1.50,3.50,1.25
2018-21,0.75,1,0.350,2.50,-0.150,-0.0150,8.798,0.150,0.400,1.50,7.50,0.50
2018-22,0.75,-1,0.450,3.00,-0.050,0.0000,50.143,0.350,0.550,2.50,3.50,0.50
2018-23,0.75,1,0.250,6.00,-0.050,-0.0300,12.846,0.250,0.350,4.00,6.50,0.00
2018-24,0.75,-1,0.300,6.00,0.000,0.0150,15.250,0.250,0.500,4.50,7.00,0.50
2018-25,0.75,-1,0.400,4.50,0.050,0.0000,12.698,0.300,0.500,3.00,6.50,1.25
2018-26,1.00,-1,0.350,5.50,0.050,0.0000,62.114,0.350,0.400,5.50,5.50,0.75
2018-27,0.75,1,0.300,3.50,0.000,0.0000,16.038,0.200,0.450,3.00,4.00,0.25
2018-28,1.00,-1,0.300,5.50,-0.100,0.0300,15.913,0.150,0.400,5.00,9.00,0.00
2018-29,1.00,-1,0.300,8.00,0.050,0.0000,31.375,0.300,0.300,7.50,8.00,0.50
2018-30,1.00,1,0.750,2.00,0.000,0.0150,7.360,0.100,1.000,1.50,10.00,0.50
2018-31,0.75,1,0.500,6.00,-0.150,-0.0150,68.242,0.500,0.500,6.00,6.50,1.00
2018-32,1.00,-1,0.350,6.00,-0.050,0.0150,18.872,0.350,0.400,4.00,6.50,1.00
2018-33,0.75,-1,0.000,0.00,-0.100,-0.0150,15.996,0.000,1.000,0.00,10.00,0.25
2018-34,1.00,1,0.200,7.50,0.000,-0.0150,27.344,0.200,0.200,7.00,8.50,1.25
2018-35,1.00,-1,0.400,6.00,0.050,0.0000,21.809,0.400,0.400,5.50,6.50,0.50
2018-36,1.00,-1,0.350,6.50,0.050,0.0000,61.853,0.350,0.350,6.00,6.50,1.00
2018-37,1.00,1,0.400,5.50,0.000,0.0000,57.947,0.300,0.400,5.50,6.50,1.25
2018-38,0.75,-1,0.300,4.50,0.000,0.0000,28.346,0.250,0.350,3.50,8.00,0.75
2018-39,0.75,-1,0.250,5.00,0.000,0.0000,18.584,0.200,0.250,5.00,6.00,0.50
2018-40,1.00,-1,0.000,0.00,0.050,0.0300,-5.677,0.000,0.200,0.00,10.00,0.00
2018-41,0.75,-1,0.350,5.50,0.050,-0.0150,46.187,0.350,0.350,5.00,5.50,1.00
2018-42,0.75,-1,0.250,3.50,0.050,0.0000,15.742,0.200,0.250,3.50,3.50,0.00
2018-43,0.75,-1,0.350,5.50,0.050,-0.0300,9.501,0.350,0.700,5.00,5.50,1.50
2018-44,1.00,1,0.450,5.50,-0.050,0.0000,44.558,0.400,0.450,5.00,6.00,0.50
2018-45,1.00,-1,0.700,3.50,-0.050,-0.0300,29.428,0.650,0.850,3.00,4.00,0.50
2018-46,1.00,-1,0.350,5.50,0.000,0.0000,31.379,0.300,0.450,4.50,5.50,1.25
2018-47,0.75,-1,0.800,4.50,0.100,-0.0300,22.073,0.200,1.000,1.00,6.00,3.00
2018-48,1.00,1,0.400,6.00,-0.050,0.0000,94.872,0.400,0.400,6.00,6.00,1.25
2018-49,0.75,1,0.350,2.00,0.050,0.0300,3.814,0.050,0.500,1.50,5.50,0.00
2018-50,0.75,1,0.400,3.00,0.000,0.0000,12.405,0.200,0.500,2.50,6.50,0.50
2018-51,0.75,-1,0.400,4.00,0.050,0.0150,17.602,0.300,0.500,3.50,5.00,1.25
2018-52,0.75,1,0.200,2.50,0.300,0.0000,8.245,0.050,0.900,0.00,5.00,0.50
2018-53,1.00,-1,0.200,2.00,0.100,-0.0150,-1.073,0.050,0.400,1.50,3.50,0.25
2018-54,0.75,-1,0.400,2.00,0.000,0.0150,24.005,0.350,0.450,1.50,2.00,0.75
2018-55,0.75,1,0.300,6.50,-0.150,-0.0150,20.339,0.300,0.600,1.50,7.50,2.75
2018-56,1.00,1,0.700,0.00,0.000,0.0150,0.748,0.000,1.000,0.00,10.00,0.75
2018-57,1.00,-1,0.750,0.00,0.000,0.0150,3.317,0.000,1.000,0.00,10.00,0.00
2018-58,0.75,1,0.400,5.00,-0.050,0.0000,36.278,0.400,0.400,4.50,5.00,0.25
2018-59,0.75,-1,0.400,3.50,0.000,0.0000,36.829,0.400,0.400,3.50,3.50,0.00
2018-60,1.00,1,0.350,3.50,0.000,0.0000,5.209,0.000,0.900,0.00,10.00,0.75
2018-61,1.00,1,0.400,5.00,0.000,0.0000,47.186,0.400,0.450,4.50,5.00,1.00
2018-62,1.00,-1,0.400,4.50,0.000,0.0000,43.676,0.400,0.400,4.50,4.50,1.75
2018-63,1.00,-1,0.300,1.00,-0.150,-0.0150,-0.395,0.000,0.600,0.00,10.00,0.00
2018-64,1.00,1,0.900,5.00,0.100,0.0150,116.474,0.850,1.000,4.00,6.00,3.00
2018-65,1.00,1,0.450,6.00,0.000,0.0000,38.859,0.400,0.450,5.50,6.50,0.25
2018-66,0.75,-1,0.500,4.00,-0.050,0.0150,33.365,0.350,0.600,4.00,5.00,1.25
2018-67,1.00,1,0.400,5.50,-0.050,0.0150,55.610,0.400,0.400,5.50,5.50,1.00
2018-68,0.75,-1,0.350,6.50,0.000,0.0000,42.728,0.300,0.350,6.00,7.00,0.25
2018-69,1.00,-1,0.400,3.50,0.000,0.0000,10.696,0.250,0.450,2.00,5.50,0.75
2018-70,0.75,1,0.750,4.50,0.000,0.0000,33.432,0.600,0.850,4.00,4.50,0.00
2018-71,0.75,1,0.200,4.00,0.350,0.0150,30.321,0.200,1.000,2.00,5.50,1.50
2018-72,1.00,1,0.350,2.50,0.000,0.0000,18.661,0.200,0.450,2.00,4.00,0.75
2018-73,0.75,-1,0.250,4.50,-0.200,0.0000,16.001,0.200,0.400,4.00,4.50,0.00
2018-74,1.00,1,0.650,7.50,0.000,0.0300,4.253,0.650,0.700,7.00,8.00,0.25
2018-75,0.75,-1,0.250,5.50,-0.050,0.0300,18.180,0.150,0.950,0.00,6.00,1.00
2018-76,0.75,1,0.400,4.50,-0.050,0.0000,57.189,0.350,0.450,4.00,4.50,0.75
2018-77,0.75,-1,1.000,5.50,-0.050,0.0150,54.727,0.950,1.000,5.00,5.50,3.00
2018-78,0.75,-1,0.350,3.50,0.000,-0.0150,13.024,0.200,0.750,2.00,6.00,1.25
2018-79,1.00,-1,0.450,6.00,0.000,-0.0150,25.025,0.400,0.450,5.50,6.50,0.75
2018-80,0.75,-1,0.400,3.00,0.000,0.0150,1.116,0.300,0.900,0.00,3.00,0.00
2018-81,0.75,1,0.750,1.00,-0.050,0.0150,37.761,0.750,0.750,1.00,1.00,1.25
2018-82,0.75,1,0.300,5.00,0.000,0.0000,31.225,0.300,0.350,4.00,5.50,1.25
2018-83,1.00,-1,0.850,2.00,-0.300,-0.0300,7.133,0.450,1.000,2.00,3.50,1.75
2018-84,0.75,-1,0.250,5.50,0.000,0.0000,20.025,0.250,0.300,4.00,6.00,1.25
2018-85,0.75,-1,0.300,3.50,0.000,0.0000,28.515,0.300,0.300,3.50,3.50,0.75
2018may-1,1.00,1,0.200,4.00,0.050,0.0000,3.116,0.000,0.600,0.00,10.00,0.25
2018may-2,1.00,1,0.350,7.50,0.050,-0.0150,54.451,0.350,0.400,6.50,7.50,0.75
2018may-3,1.00,1,0.400,5.50,0.000,-0.0150,67.225,0.400,0.400,5.50,5.50,1.25
2018may-4,1.00,1,0.400,4.50,0.050,0.0150,24.073,0.350,0.400,4.00,5.00,1.00
2018may-5,1.00,-1,0.450,5.50,-0.050,-0.0150,38.036,0.450,0.450,5.50,5.50,2.25
2018may-6,1.00,1,0.900,6.00,0.050,0.0150,140.919,0.900,0.900,6.00,6.00,2.25
2018may-7,1.00,1,0.450,6.50,0.000,0.0000,65.873,0.400,0.450,6.50,7.00,0.00
2018may-8,1.00,1,0.250,10.00,-0.100,0.0300,-0.919,0.200,0.350,5.50,10.00,0.00
2018may-9,1.00,1,0.350,2.00,0.050,-0.0300,-7.275,0.300,0.700,1.00,6.50,0.00
2018may-10,0.75,1,1.000,1.50,0.000,-0.0300,31.328,0.950,1.000,1.50,1.50,0.75
2018may-11,1.00,-1,0.550,2.50,-0.400,0.0300,3.372,0.050,0.750,2.00,4.00,0.25
2018may-12,1.00,1,0.250,5.50,0.400,-0.0300,28.733,0.250,0.250,5.50,5.50,1.00
2018may-13,1.00,-1,0.750,7.00,0.200,0.0300,36.768,0.700,0.800,6.50,8.00,0.25
2018may-14,0.75,1,0.100,10.00,-0.350,-0.0300,23.824,0.100,0.300,4.00,10.00,0.75
2018may-15,1.00,-1,0.500,5.00,-0.300,-0.0300,8.647,0.500,0.500,5.00,5.00,3.00
2018may-16,1.00,-1,0.200,2.50,0.400,-0.0300,7.810,0.200,0.350,2.00,2.50,0.00
2018may-17,1.00,-1,0.550,4.00,-0.200,-0.0300,16.600,0.450,0.600,3.50,4.00,0.25
2018may-18,1.00,1,0.050,6.00,-0.100,0.0000,5.143,0.000,0.200,0.00,10.00,0.00
2018may-19,1.00,-1,0.750,2.00,0.400,0.0150,17.975,0.700,0.950,1.50,3.50,2.00
2018may-20,1.00,1,0.850,4.50,0.250,-0.0300,7.690,0.250,1.000,3.00,6.00,3.00
2018may-21,1.00,1,0.400,5.50,0.050,0.0150,90.208,0.400,0.400,5.50,5.50,1.75
2018may-22,1.00,1,0.350,4.50,-0.050,0.0300,25.911,0.200,0.550,4.00,6.00,0.75
2018may-23,1.00,1,0.850,6.00,-0.600,-0.0300,20.885,0.550,0.850,6.00,6.50,0.25
2018may-24,1.00,-1,0.450,2.50,0.350,0.0300,27.335,0.450,0.450,2.50,3.00,1.25
2018may-25,1.00,-1,0.150,8.00,-0.150,-0.0300,22.517,0.150,0.450,4.50,8.50,1.00
2018may-26,1.00,1,0.700,4.00,0.450,-0.0300,13.403,0.450,0.750,2.00,4.00,0.25
2018may-27,1.00,1,0.900,6.50,-0.550,0.0300,0.692,0.000,0.900,0.00,10.00,1.50
2018may-28,0.75,-1,0.450,4.50,0.150,0.0000,18.928,0.450,0.450,4.50,4.50,0.50
2018may-29,1.00,-1,0.200,8.50,0.500,-0.0300,17.333,0.200,0.250,5.00,8.50,1.25
2018may-30,0.75,1,0.300,3.00,-0.050,0.0150,8.063,0.250,0.950,1.50,5.50,1.25
2018may-31,0.75,-1,0.150,2.50,-0.100,0.0300,26.015,0.150,0.150,2.50,4.00,0.75
2018may-32,1.00,-1,0.450,6.00,0.600,0.0000,26.154,0.450,0.500,6.00,6.00,2.25
2018may-33,0.75,-1,0.900,4.00,0.150,-0.0300,40.957,0.850,1.000,4.00,4.00,3.00
2018may-34,1.00,1,0.850,5.00,0.500,0.0300,33.923,0.850,0.950,4.50,5.00,2.75
2018may-35,1.00,-1,0.050,8.50,-0.450,-0.0150,1.138,0.050,0.400,0.00,10.00,0.25
2018may-36,0.75,-1,0.700,2.50,0.600,-0.0300,7.728,0.550,0.700,2.00,2.50,1.00
2018may-37,1.00,1,0.200,2.50,0.000,-0.0150,16.816,0.200,0.200,2.00,2.50,0.00
2018may-38,1.00,1,0.700,6.00,0.200,0.0000,27.002,0.700,0.700,6.00,6.00,1.25
2018may-39,0.75,1,0.600,5.00,0.350,-0.0300,25.809,0.600,0.600,5.00,5.00,2.00
2018may-40,1.00,1,0.450,8.00,0.450,-0.0300,28.570,0.450,1.000,6.00,8.00,3.00
2018may-41,1.00,-1,0.700,1.50,-0.250,-0.0300,2.124,0.700,0.700,1.50,1.50,0.00
2018may-42,1.00,1,0.100,3.50,0.150,0.0300,13.214,0.100,0.100,3.50,3.50,0.25
2018may-43,0.75,1,0.600,5.00,-0.150,0.0000,15.366,0.550,0.700,4.50,9.00,0.00
2018may-44,1.00,1,0.500,4.50,-0.050,-0.0300,27.166,0.300,0.500,4.50,5.50,2.25
2018may-45,0.75,-1,0.050,8.50,-0.400,0.0150,3.993,0.000,0.200,0.00,10.00,0.00
2018may-46,1.00,-1,0.300,5.50,-0.400,-0.0150,9.418,0.300,0.300,5.50,5.50,0.75
2018may-47,1.00,1,0.900,1.50,-0.350,-0.0300,21.118,0.900,0.950,1.50,1.50,1.50
2018may-48,1.00,1,0.200,6.50,0.200,0.0000,0.634,0.150,0.250,5.00,7.00,0.00
2018may-49,0.75,-1,0.450,5.00,0.200,-0.0300,14.383,0.200,0.900,2.00,5.00,3.00
2018may-50,1.00,1,0.350,7.00,0.000,-0.0300,15.906,0.350,0.350,7.00,7.00,0.75
2018may-51,1.00,-1,0.350,2.00,-0.300,0.0150,-1.182,0.250,0.850,1.00,5.50,0.00
2018may-52,0.75,1,0.450,3.50,-0.300,0.0150,30.740,0.450,0.550,3.00,4.50,1.00
2018may-53,1.00,-1,1.000,2.50,-0.350,-0.0300,26.849,1.000,1.000,2.50,2.50,1.50
2018may-54,1.00,-1,0.550,3.00,-0.550,0.0300,8.607,0.100,0.700,0.00,5.50,0.50
2018may-55,0.75,-1,0.350,2.00,0.600,0.0150,13.971,0.350,0.350,2.00,2.00,0.75
2018may-56,1.00,-1,0.300,0.50,-0.300,-0.0300,6.027,0.200,0.450,0.00,1.00,0.50
2018may-57,1.00,1,0.850,6.50,-0.450,0.0150,32.093,0.850,0.950,6.00,6.50,2.50
2018may-58,1.00,1,0.500,2.00,0.500,0.0150,10.671,0.100,0.550,2.00,5.50,0.00
2018may-59,1.00,1,0.250,10.00,0.550,-0.0150,6.017,0.200,0.950,2.00,10.00,0.00
2018may-60,0.75,-1,0.300,6.50,-0.100,-0.0150,25.381,0.300,0.300,6.50,6.50,2.00
2018may-61,1.00,1,0.600,5.00,0.400,-0.0300,11.476,0.600,0.600,1.00,5.00,1.50
2018may-62,1.00,1,0.150,8.50,-0.250,0.0300,6.881,0.150,0.900,2.50,8.50,0.25
2018may-63,1.00,-1,0.050,8.00,0.350,-0.0150,-0.550,0.050,0.100,4.50,8.50,0.00
2018may-64,0.75,-1,0.450,7.00,0.400,0.0300,12.168,0.400,0.450,7.00,7.00,0.00
2018may-65,1.00,1,0.750,1.50,0.400,0.0300,16.460,0.650,0.750,1.50,1.50,1.50
2018may-66,0.75,-1,0.550,0.50,-0.200,-0.0150,21.392,0.550,0.550,0.00,0.50,1.00
2018may-67,1.00,1,0.950,4.00,-0.150,-0.0300,26.790,0.950,0.950,4.00,4.00,0.00
2018may-68,0.75,1,0.500,4.50,0.000,0.0150,25.874,0.500,0.500,4.50,4.50,0.75
2018may-69,0.75,-1,0.500,2.50,0.050,-0.0150,16.990,0.350,0.500,2.50,3.00,1.00
2018may-70,1.00,1,0.950,5.50,-0.500,0.0150,16.647,0.300,0.950,5.50,10.00,2.25
2018may-71,1.00,-1,0.300,3.50,-0.350,-0.0300,15.827,0.300,0.400,3.50,3.50,0.00
2018may-72,0.75,-1,0.250,6.00,0.000,-0.0150,32.769,0.250,0.250,6.00,6.00,2.00
2018may-73,1.00,-1,0.500,4.00,-0.150,-0.0300,18.502,0.450,0.500,4.00,6.50,2.75
2018may-74,1.00,-1,0.300,1.00,0.000,0.0000,15.703,0.100,0.450,1.00,3.50,0.75
2018may-75,1.00,1,0.250,10.00,0.050,-0.0150,11.766,0.250,0.300,6.00,10.00,1.50
2018may-76,1.00,-1,1.000,3.50,0.250,0.0150,23.783,0.600,1.000,3.50,4.50,1.75
2018may-77,0.75,1,0.400,5.00,-0.050,-0.0300,62.987,0.400,0.400,5.00,5.00,1.75
2018may-78,1.00,1,0.550,2.50,0.350,0.0300,-1.863,0.050,1.000,2.00,5.00,0.00
2018may-79,1.00,-1,0.250,2.50,-0.100,-0.0300,3.589,0.050,0.300,0.00,10.00,0.25
2018may-80,0.75,-1,0.200,3.00,-0.200,-0.0300,8.279,0.200,0.200,3.00,4.50,0.00
2018may-81,0.75,1,0.800,4.50,0.300,0.0000,28.508,0.800,0.800,4.50,4.50,2.75
2018may-82,1.00,1,0.400,7.00,0.550,0.0150,11.558,0.400,0.400,7.00,7.00,0.50
2018may-83,0.75,-1,0.050,6.00,0.450,-0.0300,12.171,0.050,0.350,2.50,6.00,1.00
2018may-84,0.75,1,0.700,5.00,0.200,0.0000,13.787,0.700,0.800,4.50,6.00,0.25
2018may-85,1.00,1,0.150,7.00,-0.150,-0.0300,9.125,0.100,0.200,4.00,7.00,1.75
2018may-86,1.00,-1,0.600,3.00,0.250,-0.0150,15.788,0.500,0.600,3.00,3.50,1.50
2018may-87,1.00,-1,0.550,6.50,-0.200,-0.0300,16.761,0.550,0.550,6.50,6.50,1.00
2018may-88,1.00,1,0.350,6.50,0.050,0.0150,56.696,0.350,0.600,3.50,6.50,2.75
2018may-89,0.75,1,0.550,5.00,-0.500,-0.0300,16.260,0.550,0.600,4.00,5.50,0.75
2018may-90,0.75,-1,0.000,0.00,-0.400,0.0300,13.177,0.000,0.000,0.00,10.00,0.75
2018may-91,0.75,1,0.600,4.00,0.050,-0.0150,37.338,0.350,0.600,4.00,5.00,1.50
2018may-92,0.75,-1,0.250,5.50,0.050,-0.0300,8.376,0.150,0.250,5.50,8.50,0.75
2018may-93,1.00,-1,0.400,10.00,-0.350,-0.0300,12.125,0.400,0.550,4.00,10.00,0.50
2018may-94,1.00,-1,0.550,8.00,0.000,-0.0150,8.339,0.550,0.550,8.00,8.00,0.25
2018may-95,1.00,-1,0.300,5.00,0.400,0.0000,10.561,0.150,0.450,0.00,5.00,0.50
2018may-96,1.00,1,0.500,4.00,0.400,0.0150,21.244,0.450,1.000,1.50,4.50,0.50
2018may-97,1.00,1,0.250,3.00,-0.600,-0.0150,3.830,0.050,0.300,2.00,8.50,0.00
2018may-98,0.75,1,0.350,4.50,0.250,-0.0150,19.480,0.300,0.400,3.00,5.00,1.00
2018may-99,1.00,-1,0.400,6.50,-0.100,-0.0300,60.113,0.400,0.400,6.00,6.50,1.50
2018may-100,1.00,-1,0.250,8.50,-0.050,0.0300,5.940,0.250,0.850,0.50,9.50,2.25
2018may-101,1.00,1,0.800,2.00,-0.250,-0.0300,11.919,0.500,0.950,2.00,7.50,0.00
2018may-102,1.00,1,0.650,6.00,0.050,-0.0300,36.593,0.650,0.650,6.00,6.00,2.75
2018may-103,1.00,1,0.200,7.50,-0.200,-0.0300,18.785,0.200,0.200,7.50,8.00,1.75
2018may-104,0.75,-1,0.350,4.50,-0.050,0.0000,37.879,0.350,0.350,4.50,4.50,1.00
2018may-105,0.75,1,0.300,5.50,0.000,-0.0150,38.103,0.300,0.300,5.50,5.50,0.75
2018may-106,1.00,-1,0.500,8.00,0.300,-0.0300,25.829,0.500,0.500,8.00,8.00,0.75
2018may-107,1.00,-1,1.000,4.50,0.100,-0.0150,8.890,1.000,1.000,4.50,4.50,1.50
2018may-108,1.00,1,0.350,7.00,-0.150,0.0300,26.608,0.350,0.350,7.00,7.00,0.75
2018may-109,1.00,1,0.450,6.00,0.000,0.0150,86.411,0.450,0.450,5.50,6.00,1.00
2018may-110,0.75,1,0.250,3.00,-0.050,0.0150,22.724,0.150,0.250,3.00,4.00,0.75
2018may-111,0.75,-1,0.900,1.50,-0.050,0.0300,2.351,0.850,0.950,1.50,1.50,1.00
2018may-112,1.00,1,0.600,5.50,0.200,-0.0300,36.301,0.600,0.600,5.50,5.50,1.00
2018may-113,0.75,1,0.200,5.50,0.450,-0.0300,4.610,0.050,0.500,2.00,10.00,1.75
2018may-114,1.00,-1,0.500,0.50,0.050,-0.0300,4.618,0.450,0.500,0.00,1.00,0.50
2018may-115,0.75,1,0.000,0.00,0.100,-0.0300,-0.012,0.000,0.150,0.00,10.00,0.00
2018may-116,1.00,-1,0.150,6.50,0.400,-0.0300,23.645,0.150,0.150,6.50,6.50,1.00
2018may-117,0.75,-1,0.500,1.50,0.150,0.0300,10.831,0.350,0.600,1.50,6.00,0.50
2018may-118,0.75,-1,0.700,4.50,0.000,-0.0300,37.265,0.700,0.700,4.50,4.50,0.75
2018may-119,0.75,-1,0.500,4.50,0.600,0.0300,10.568,0.500,0.750,0.50,5.50,0.25
2018may-120,1.00,-1,0.250,7.00,-0.100,-0.0300,8.715,0.250,0.250,6.50,10.00,0.00
2018may-121,1.00,-1,0.450,4.50,-0.250,0.0150,30.614,0.450,0.450,4.50,4.50,1.50
2018may-122,0.75,1,0.550,4.00,0.000,-0.0150,40.755,0.550,0.550,4.00,4.00,1.00
2018may-123,1.00,-1,0.400,7.00,0.050,-0.0150,44.628,0.350,0.400,7.00,8.00,1.25
2018may-124,0.75,-1,0.100,4.00,-0.550,0.0000,14.834,0.050,0.100,4.00,6.50,1.75
2018may-125,0.75,-1,0.400,5.00,-0.300,-0.0150,27.513,0.400,0.400,5.00,5.00,0.00
2018may-126,0.75,1,0.400,7.00,-0.100,-0.0300,30.875,0.350,0.450,6.00,7.50,1.00
2018may-127,1.00,1,0.800,3.00,0.000,-0.0150,10.156,0.800,1.000,3.00,3.00,0.00
2018may-128,1.00,-1,0.550,4.50,0.200,-0.0300,20.458,0.550,0.650,3.00,4.50,2.25
2018may-129,1.00,-1,0.450,6.00,-0.050,-0.0300,33.179,0.450,0.450,6.00,6.00,1.50
2018may-130,1.00,-1,0.350,3.00,0.050,0.0000,19.103,0.150,0.350,3.00,4.50,1.25
2018may-131,1.00,-1,0.300,4.00,0.500,0.0300,16.725,0.200,0.300,3.00,7.00,1.25
2018may-132,1.00,1,0.250,6.00,-0.150,-0.0150,3.813,0.200,0.300,4.50,9.00,0.50
2018may-133,1.00,-1,0.400,6.00,0.000,0.0000,48.315,0.400,0.400,6.00,6.00,1.75
2018may-134,0.75,-1,0.400,5.00,0.000,0.0000,18.448,0.400,0.400,5.00,5.00,1.00
2018may-135,1.00,1,0.800,1.00,0.400,-0.0150,15.373,0.300,1.000,0.50,2.50,0.50
2018may-136,1.00,1,0.600,4.50,-0.050,0.0000,34.286,0.450,0.650,4.50,7.50,0.75
2018may-137,1.00,1,0.350,5.00,0.100,0.0150,146.128,0.350,0.350,5.00,5.50,1.00
2018may-138,0.75,-1,0.200,0.50,-0.150,0.0150,18.235,0.150,0.250,0.00,0.50,0.75
2018may-139,1.00,1,0.350,3.50,-0.100,-0.0150,19.721,0.350,0.350,3.50,3.50,0.00
2018may-140,0.75,1,0.400,5.50,0.050,0.0000,49.753,0.400,0.450,5.00,5.50,0.25
2018may-141,0.75,-1,0.600,6.50,0.150,0.0150,20.091,0.450,0.650,5.50,8.50,2.00
2018may-142,1.00,1,0.450,6.50,-0.050,-0.0150,33.445,0.450,0.450,6.00,7.00,0.50
2018may-143,1.00,-1,0.900,4.50,-0.050,-0.0150,11.386,0.400,0.950,4.50,7.50,3.00
2018may-144,1.00,1,0.300,6.50,0.150,0.0300,24.411,0.300,0.300,6.50,7.00,1.00
2018may-145,1.00,-1,0.650,2.00,0.100,0.0300,20.258,0.650,1.000,1.00,2.50,1.25
2018may-146,1.00,-1,0.300,7.50,0.100,-0.0300,16.519,0.250,0.550,6.50,9.50,0.50
2018may-147,0.75,1,0.250,3.00,0.150,-0.0150,127.693,0.250,0.250,3.00,3.00,1.00
2018may-148,1.00,-1,0.250,5.00,-0.100,0.0000,31.698,0.250,0.250,4.50,5.50,0.50
2018may-149,0.75,1,0.350,5.50,0.250,-0.0300,17.935,0.350,0.450,4.50,5.50,0.00
2018may-150,1.00,1,0.500,4.00,0.000,-0.0300,10.907,0.200,0.500,4.00,10.00,1.25
2018may-151,0.75,-1,0.600,1.00,0.300,-0.0300,16.590,0.600,0.600,1.00,1.00,0.00
2018may-152,0.75,1,0.700,2.50,0.050,0.0000,40.497,0.400,0.700,2.50,5.50,1.25
2018may-153,0.75,1,0.300,3.00,0.100,-0.0300,79.720,0.300,0.300,3.00,3.00,0.75
2018may-154,1.00,-1,0.400,7.00,-0.050,0.0000,38.002,0.400,0.400,6.50,7.50,1.00
2018may-155,1.00,1,0.350,7.50,0.100,-0.0300,25.708,0.350,0.350,7.50,7.50,0.25
2018may-156,1.00,1,0.350,7.00,0.000,0.0000,68.827,0.350,0.350,7.00,7.00,1.25
2018may-157,1.00,-1,0.400,6.00,-0.150,0.0300,48.036,0.400,0.500,5.50,6.00,1.25
2018may-158,0.75,1,0.250,8.50,0.100,-0.0300,21.023,0.250,0.400,7.00,10.00,0.50
2018may-159,0.75,1,0.500,2.00,-0.050,-0.0300,-2.505,0.050,0.650,0.00,3.00,0.00
2018may-160,1.00,1,0.450,4.50,0.050,0.0300,21.529,0.450,1.000,1.50,4.50,1.25
2018may-161,0.75,1,0.250,4.00,-0.250,-0.0300,22.790,0.250,1.000,1.00,4.00,2.25
2018may-162,0.75,1,0.300,4.50,0.100,0.0300,62.727,0.300,0.300,4.50,4.50,0.25
2018may-163,1.00,-1,0.350,6.00,-0.100,0.0000,44.156,0.350,0.400,6.00,6.50,1.25
2018may-164,0.75,1,0.700,3.00,0.100,0.0300,27.012,0.650,0.700,3.00,3.00,0.00
2018may-165,0.75,-1,0.150,2.00,-0.100,0.0000,11.948,0.150,0.350,1.50,2.00,1.25
2018may-166,1.00,1,0.100,3.00,-0.050,0.0000,4.733,0.050,0.700,1.00,6.00,0.25
2018may-167,1.00,1,0.450,6.00,0.000,0.0150,60.807,0.400,0.450,6.00,6.50,0.75
2018may-168,0.75,1,0.300,3.50,0.000,0.0000,45.293,0.300,0.300,3.50,3.50,1.50
2018may-169,1.00,-1,0.750,2.00,0.300,-0.0300,28.478,0.750,0.800,2.00,2.00,1.75
2018may-170,1.00,1,0.400,7.50,0.050,-0.0300,48.804,0.400,0.400,7.00,8.00,1.00
2018may-171,1.00,1,0.400,5.50,-0.050,0.0000,53.146,0.400,0.400,5.50,5.50,0.50
2018may-172,0.75,-1,0.400,5.00,-0.050,0.0150,62.744,0.400,0.400,5.00,5.00,2.25
2018may-173,1.00,1,0.200,8.50,-0.200,0.0300,17.213,0.200,0.200,7.00,10.00,0.75
2018may-174,1.00,-1,0.450,2.50,-0.100,0.0150,17.540,0.450,0.800,2.00,2.50,1.75
2018may-175,0.75,-1,0.400,3.00,0.300,-0.0300,7.442,0.350,0.400,2.50,7.50,0.00
2018may-176,1.00,1,0.400,8.50,0.550,0.0300,12.779,0.250,0.400,8.00,10.00,1.50
2018may-177,1.00,-1,0.400,1.50,-0.050,0.0300,32.798,0.400,0.450,1.50,1.50,1.00
2018may-178,1.00,1,0.400,5.50,0.050,0.0000,24.634,0.400,0.400,5.50,5.50,0.50
2018may-179,1.00,-1,0.500,5.50,0.200,-0.0150,11.523,0.300,1.000,0.50,6.00,3.00
2018may-180,0.75,1,0.300,4.00,0.050,0.0150,26.899,0.300,0.300,4.00,4.00,0.75
2018may-181,0.75,-1,0.150,10.00,-0.150,0.0300,9.503,0.050,0.300,8.00,10.00,0.50
2018may-182,1.00,-1,0.500,8.00,0.300,0.0300,11.873,0.500,0.500,8.00,9.00,0.00
2018may-183,1.00,-1,0.450,4.00,0.000,0.0000,37.606,0.350,0.450,4.00,5.50,1.00
2018may-184,0.75,-1,0.700,4.00,0.050,-0.0300,33.813,0.650,0.750,4.00,4.00,0.75
2018may-185,1.00,-1,0.500,6.00,-0.050,0.0150,74.729,0.500,0.500,6.00,6.00,1.75
2018may-186,0.75,1,0.400,6.00,-0.050,-0.0150,17.343,0.350,0.400,5.00,6.50,0.00
2018may-187,1.00,1,0.350,7.50,0.000,0.0300,44.358,0.350,0.350,7.50,7.50,1.25
2018may-188,1.00,-1,0.350,5.00,-0.050,0.0000,31.419,0.350,0.350,5.00,5.00,0.25
2018may-189,1.00,1,0.450,6.50,0.000,-0.0150,47.855,0.450,0.450,6.50,6.50,0.50
2018may-190,0.75,1,0.100,4.50,0.100,0.0000,10.514,0.100,0.100,4.00,5.00,0.75
2018may-191,1.00,-1,0.600,5.50,0.050,0.0300,39.210,0.600,0.600,5.50,5.50,0.00
2018may-192,0.75,1,0.100,4.00,0.250,0.0300,4.618,0.000,1.000,0.00,10.00,1.50
2018may-193,1.00,1,0.950,2.50,-0.100,-0.0300,31.476,0.950,1.000,2.50,2.50,1.75
2018may-194,1.00,1,0.450,6.50,-0.050,0.0150,26.197,0.400,0.450,6.00,6.50,0.00
2018may-195,1.00,-1,0.300,3.50,0.300,0.0300,30.361,0.300,0.300,3.50,3.50,0.50
2018may-196,1.00,-1,0.600,5.50,0.000,-0.0150,47.607,0.600,0.600,5.50,5.50,1.00
2018may-197,1.00,-1,0.450,5.00,0.000,0.0000,62.624,0.450,0.500,4.50,5.00,1.50
2018may-198,1.00,1,0.400,6.50,0.000,-0.0150,30.120,0.350,0.400,6.50,7.00,0.00
2018may-199,0.75,-1,1.000,0.50,0.050,0.0000,6.335,0.100,1.000,0.00,4.00,0.00
2018may-200,1.00,-1,0.500,4.50,0.400,0.0300,12.083,0.300,0.500,4.50,5.00,0.75
2018may-201,1.00,1,0.400,6.50,-0.150,0.0000,61.039,0.400,0.400,6.50,6.50,2.25
2018may-202,0.75,-1,0.400,3.00,0.000,0.0000,10.589,0.350,0.400,2.50,3.00,1.00
2018may-203,0.75,1,0.450,2.00,0.050,0.0000,16.071,0.350,0.450,2.00,2.50,1.00
2018may-204,0.75,1,0.400,5.00,-0.100,0.0300,23.484,0.350,0.400,4.50,6.50,1.75
2018may-205,0.75,1,0.150,1.00,-0.100,-0.0150,0.525,0.000,0.650,0.00,10.00,0.25
2018may-206,0.75,1,1.000,2.00,0.150,0.0300,58.027,0.950,1.000,2.00,2.50,1.75
2018may-207,1.00,1,0.450,6.50,0.000,-0.0150,48.620,0.450,0.450,6.50,8.50,2.50
2018may-208,1.00,1,0.500,5.50,0.000,0.0150,47.387,0.500,0.500,5.50,5.50,0.25
2018may-209,1.00,1,0.450,3.00,-0.300,-0.0300,-3.518,0.450,0.700,2.50,3.00,0.00
2018may-210,0.75,1,0.300,6.50,0.050,-0.0150,17.282,0.300,0.300,6.00,7.00,0.50
2018may-211,0.75,-1,0.950,2.50,0.000,0.0150,25.023,0.900,0.950,2.50,2.50,2.50
2018may-212,1.00,1,0.500,5.00,-0.250,0.0300,23.055,0.300,0.850,5.00,5.50,0.00
2018may-213,1.00,-1,1.000,7.50,-0.050,-0.0150,40.826,0.900,1.000,5.00,8.50,2.75
2018may-214,1.00,1,0.300,8.00,0.200,-0.0300,32.207,0.300,0.350,7.00,8.00,1.50
2018may-215,1.00,-1,0.450,6.00,-0.050,0.0000,53.653,0.450,0.450,6.00,6.00,0.50
2018may-216,1.00,1,0.500,5.50,0.000,0.0000,45.642,0.500,0.500,5.50,5.50,1.75
2018may-217,1.00,1,0.400,6.00,0.000,0.0000,43.298,0.400,0.400,6.00,6.50,0.75
2018may-218,1.00,-1,0.550,3.50,-0.150,-0.0300,41.819,0.550,0.600,3.50,6.50,1.75
2018may-219,1.00,1,0.400,6.50,0.350,0.0300,47.233,0.400,0.500,5.50,6.50,0.00
2018may-220,1.00,1,0.500,2.00,-0.350,0.0300,11.323,0.300,0.950,0.00,8.00,0.25
2018may-221,0.75,1,0.450,3.00,0.300,-0.0300,6.813,0.350,0.450,2.50,3.00,0.50
2018may-222,1.00,-1,0.400,3.50,-0.050,-0.0300,4.308,0.050,0.500,1.50,10.00,0.00
2018may-223,1.00,1,0.300,8.00,0.100,-0.0300,6.714,0.200,0.300,8.00,8.00,0.00
2018may-224,1.00,-1,0.550,3.50,0.100,0.0000,8.988,0.200,0.700,1.00,4.00,0.00
2018may-225,0.75,-1,0.350,0.50,0.350,-0.0300,4.332,0.200,0.700,0.00,3.00,0.50
2018may-226,0.75,-1,0.550,3.00,0.150,0.0300,72.188,0.550,0.550,3.00,3.00,2.00
2018may-227,1.00,-1,0.300,7.50,0.550,0.0300,9.485,0.300,0.350,7.50,10.00,0.00
2018may-228,0.75,1,1.000,1.00,-0.200,0.0000,3.268,0.400,1.000,1.00,2.50,1.25
2018may-229,1.00,-1,0.650,6.50,0.200,0.0000,20.933,0.650,0.900,5.00,6.50,2.00
2018may-230,0.75,-1,0.450,5.00,0.050,0.0150,50.454,0.450,0.450,4.50,5.00,1.25
2018may-231,0.75,-1,0.050,9.50,-0.350,0.0300,17.298,0.050,0.150,4.50,10.00,0.75
2018may-232,1.00,1,0.000,0.00,-0.250,0.0300,8.686,0.000,0.600,0.00,10.00,0.00
2018may-233,1.00,-1,0.200,4.00,0.100,-0.0300,-0.836,0.200,0.900,0.00,4.00,0.00
2018may-234,1.00,1,0.600,8.00,0.500,0.0300,17.466,0.600,0.650,7.50,9.00,1.25
2018may-235,1.00,1,0.400,0.00,0.300,-0.0150,-1.257,0.000,0.700,0.00,10.00,0.00
2018may-236,0.75,1,0.900,0.50,-0.100,0.0000,7.142,0.000,0.950,0.00,10.00,0.00
2018may-237,0.75,-1,0.800,2.50,-0.100,-0.0150,12.375,0.050,0.800,0.00,2.50,2.75
2018may-238,1.00,-1,0.000,0.00,0.350,0.0300,8.347,0.000,0.050,0.00,10.00,0.75
2018may-239,0.75,1,0.300,2.00,-0.250,0.0150,41.435,0.300,0.350,2.00,2.00,1.25
2018may-240,1.00,-1,0.750,5.00,0.100,-0.0150,28.635,0.700,0.750,5.00,5.00,3.00
2018may-241,1.00,-1,0.200,2.50,-0.200,-0.0150,5.507,0.150,0.350,2.00,3.50,0.75
2018may-242,0.75,1,0.450,6.00,0.050,-0.0300,30.238,0.400,0.500,6.00,6.50,2.50
2018may-243,1.00,1,0.300,6.50,0.000,-0.0300,28.281,0.300,0.350,5.50,6.50,0.00
2018may-244,1.00,1,0.700,4.00,0.250,-0.0150,3.603,0.400,0.850,1.00,7.50,0.00
2018may-245,1.00,-1,0.850,2.50,0.450,-0.0300,18.700,0.650,0.850,2.50,3.00,0.75
2018may-246,1.00,-1,0.200,4.50,-0.500,0.0000,11.698,0.200,0.800,3.00,4.50,2.75
2018may-247,1.00,1,0.900,5.00,-0.050,0.0000,20.656,0.850,0.950,5.00,5.00,0.00
2018may-248,1.00,-1,0.500,10.00,-0.550,0.0150,19.992,0.350,0.500,6.00,10.00,1.25
2018may-249,0.75,1,0.400,4.00,0.150,0.0000,30.009,0.350,0.400,3.00,4.00,1.00
2018may-250,0.75,1,0.550,2.50,0.050,-0.0300,33.924,0.400,1.000,0.50,4.50,0.00
2018may-251,0.75,1,0.400,4.50,0.050,-0.0150,10.872,0.400,0.600,4.50,6.00,1.75
2018may-252,0.75,-1,0.650,5.50,-0.500,-0.0300,26.236,0.550,0.650,5.50,6.00,3.00
2018may-253,0.75,-1,0.250,8.00,0.600,-0.0150,14.693,0.250,0.550,4.00,8.00,0.25
2018may-254,1.00,-1,0.500,9.00,-0.600,0.0000,12.630,0.500,0.800,2.00,9.00,0.25
2018may-255,0.75,1,1.000,2.00,0.000,-0.0300,18.557,0.400,1.000,2.00,5.50,1.75
2018may-256,1.00,-1,0.400,4.50,0.300,-0.0300,29.605,0.350,0.400,4.50,5.00,1.00
2018may-257,1.00,-1,0.550,0.50,0.100,0.0300,7.453,0.000,0.600,0.00,10.00,0.50
2018may-258,1.00,-1,0.250,5.00,-0.050,0.0300,24.069,0.250,1.000,5.00,5.50,0.50
2018may-259,1.00,-1,0.250,4.00,-0.200,0.0300,21.509,0.250,0.250,4.00,4.00,1.25
2018may-260,1.00,1,0.500,6.50,-0.150,0.0300,39.883,0.500,0.500,6.50,6.50,0.75
2018may-261,1.00,-1,0.600,2.50,-0.100,0.0000,-0.381,0.350,0.650,1.00,2.50,0.00
2018may-262,0.75,-1,0.400,3.00,-0.200,0.0000,11.512,0.400,0.550,2.50,3.00,0.75
2018may-263,0.75,1,0.700,3.50,-0.350,-0.0300,7.641,0.700,0.700,3.50,3.50,1.75
2018may-264,0.75,1,0.100,10.00,0.200,-0.0150,5.375,0.000,0.250,0.00,10.00,0.00
2018may-265,0.75,-1,0.250,8.00,0.250,-0.0300,6.465,0.200,0.300,6.00,9.50,1.75
2018may-266,0.75,1,0.350,5.50,-0.300,-0.0150,46.541,0.350,0.350,5.50,5.50,0.50
2018may-267,1.00,-1,0.650,7.50,-0.100,-0.0300,16.314,0.550,0.650,7.00,8.50,0.50
2018may-268,1.00,1,0.350,8.50,-0.300,0.0300,21.074,0.350,0.800,1.50,9.50,1.50
2018may-269,1.00,1,0.450,5.00,0.050,-0.0150,44.573,0.400,0.450,5.00,7.50,2.25
2018may-270,0.75,-1,0.300,5.50,-0.150,-0.0300,45.080,0.250,0.300,5.00,6.00,1.00
2018may-271,1.00,1,0.600,5.50,0.150,0.0000,40.171,0.500,0.600,5.00,6.00,1.25
2018may-272,1.00,-1,0.250,3.50,-0.450,-0.0300,2.289,0.000,1.000,0.00,10.00,0.25
2018may-273,1.00,1,0.650,9.00,-0.050,-0.0300,21.356,0.650,0.700,8.50,9.50,1.25
2018may-274,1.00,1,1.000,3.00,0.000,-0.0300,12.458,1.000,1.000,3.00,3.00,1.75
2018may-275,1.00,1,0.850,4.50,0.400,0.0150,28.169,0.850,0.900,4.00,4.50,2.50
2018may-276,1.00,1,0.500,0.00,-0.050,-0.0300,18.142,0.350,1.000,0.00,0.50,1.00
2018may-277,1.00,-1,0.750,2.00,0.200,0.0000,7.779,0.050,1.000,1.50,4.00,2.75
2018may-278,1.00,-1,0.850,4.50,0.200,-0.0300,16.535,0.600,0.850,4.50,6.50,0.50
2018may-279,0.75,-1,0.350,8.00,-0.250,0.0300,20.229,0.300,0.750,3.00,10.00,1.00
2018may-280,1.00,1,0.700,6.00,-0.050,0.0000,61.701,0.700,0.700,5.50,6.00,2.50
2018may-281,1.00,-1,0.400,6.00,-0.050,-0.0150,45.521,0.400,0.450,5.50,6.50,1.50
2018may-282,1.00,-1,0.400,6.00,0.000,0.0000,71.213,0.400,0.400,6.00,6.00,0.00
2018may-283,1.00,1,0.450,5.50,0.000,0.0000,54.316,0.400,0.450,5.00,5.50,0.75
2018may-284,1.00,1,0.200,9.50,-0.600,0.0150,15.977,0.200,0.200,9.50,10.00,1.50
2018may-285,1.00,-1,0.350,4.50,0.150,-0.0150,17.086,0.350,0.500,3.00,4.50,0.00
2018may-286,0.75,1,1.000,6.50,0.100,0.0300,118.945,0.900,1.000,6.00,6.50,2.75
2018may-287,0.75,-1,0.700,4.00,0.350,-0.0300,5.020,0.500,0.850,3.50,4.50,1.25
2018may-288,0.75,-1,0.800,4.00,-0.150,-0.0150,20.848,0.800,0.800,4.00,4.00,0.00
2018may-289,1.00,1,0.550,2.00,-0.050,-0.0150,27.934,0.450,0.550,1.00,3.00,0.50
2018may-290,0.75,1,0.650,3.50,-0.150,0.0300,19.836,0.600,0.750,3.00,4.00,2.00
2018may-291,1.00,-1,0.100,10.00,-0.350,-0.0300,16.736,0.100,0.150,6.50,10.00,1.00
2018may-292,0.75,-1,0.100,2.50,0.450,0.0000,13.603,0.050,0.100,2.50,6.50,0.00
2018may-293,0.75,1,0.650,2.50,0.150,-0.0300,14.858,0.500,0.650,2.50,3.00,1.75
2018may-294,0.75,1,0.300,5.50,-0.050,-0.0300,44.068,0.300,0.300,5.00,5.50,1.00
2018may-295,1.00,-1,0.450,6.50,0.000,0.0000,34.987,0.450,0.450,6.50,6.50,0.00
2018may-296,0.75,1,0.300,3.00,0.200,-0.0300,12.297,0.300,0.300,3.00,3.50,0.50
2018may-297,1.00,1,0.500,2.50,-0.550,-0.0300,17.195,0.500,0.500,2.00,2.50,1.25
2018may-298,1.00,-1,0.500,1.00,-0.050,-0.0300,41.814,0.500,1.000,0.50,1.00,1.25
2018may-299,0.75,1,0.500,4.00,0.000,0.0000,42.347,0.300,0.500,3.00,4.00,1.25
2018may-300,0.75,1,0.150,7.50,-0.200,-0.0300,8.726,0.150,0.150,7.50,7.50,0.50
2018may-301,0.75,1,0.550,3.50,0.000,0.0000,46.802,0.500,0.550,3.00,3.50,0.75
2018may-302,0.75,1,0.450,5.00,0.000,-0.0150,22.030,0.350,0.450,5.00,6.00,0.00
2018may-303,1.00,-1,0.800,2.00,0.200,-0.0300,17.935,0.800,0.850,1.50,2.00,1.75
2018may-304,1.00,-1,0.450,4.50,0.000,-0.0150,47.689,0.450,0.450,4.50,5.00,0.00
2018may-305,1.00,1,0.400,5.00,0.050,0.0150,121.768,0.400,0.400,5.00,5.00,1.00
2018may-306,0.75,1,0.500,5.50,0.250,-0.0300,27.125,0.500,0.550,5.50,5.50,1.25
2018may-307,1.00,-1,0.400,6.00,0.250,0.0000,33.818,0.400,0.400,5.50,6.00,0.00
2018may-308,1.00,-1,0.400,6.50,0.100,-0.0150,51.210,0.400,0.400,6.50,7.00,1.00
2018may-309,1.00,1,1.000,3.00,0.100,0.0000,65.074,0.800,1.000,3.00,5.00,2.25
2018may-310,0.75,1,0.200,4.00,0.000,-0.0150,9.808,0.200,0.200,3.50,4.50,0.00
2018may-311,1.00,1,0.200,6.50,0.250,-0.0300,17.549,0.200,0.200,6.50,6.50,0.75
2018may-312,0.75,-1,0.400,4.50,-0.100,0.0150,38.097,0.400,0.400,4.50,4.50,2.25
2018may-313,1.00,1,0.700,5.00,0.050,-0.0150,22.053,0.500,0.700,5.00,5.50,2.75
2018may-314,0.75,1,0.700,3.00,-0.250,0.0000,16.360,0.700,0.950,2.50,3.00,0.00
2018may-315,1.00,1,0.700,5.00,0.000,0.0150,56.022,0.500,0.700,5.00,5.50,3.00
2018may-316,1.00,-1,0.550,9.00,0.150,0.0300,34.640,0.550,0.550,9.00,9.00,0.50
2018may-317,1.00,-1,0.450,4.50,0.200,0.0000,64.796,0.450,0.450,4.50,4.50,0.50
2018may-318,1.00,-1,0.400,6.00,0.050,0.0300,62.134,0.400,0.450,6.00,6.00,1.50
2018may-319,0.75,1,0.750,1.50,0.150,0.0300,5.410,0.050,1.000,0.00,9.00,0.00
2018may-320,0.75,-1,0.400,6.00,0.150,-0.0300,48.181,0.400,0.400,6.00,6.00,0.75
2018may-321,1.00,-1,0.350,4.50,0.100,0.0300,52.982,0.350,0.350,4.50,4.50,1.00
2018may-322,0.75,-1,0.700,4.00,0.050,-0.0300,45.372,0.500,0.800,3.00,5.50,0.50
2018may-323,1.00,1,0.200,1.50,0.350,-0.0150,4.405,0.000,0.600,0.00,10.00,0.00
2018may-324,0.75,-1,0.300,6.50,-0.250,-0.0300,30.564,0.300,0.300,6.50,7.00,0.50
2018may-325,1.00,-1,0.500,6.50,0.000,0.0150,76.700,0.500,0.500,6.50,6.50,1.75
2018may-326,0.75,1,0.200,8.50,0.250,-0.0300,19.340,0.200,0.200,7.50,8.50,0.75
2018may-327,1.00,-1,0.450,8.50,-0.300,-0.0300,43.273,0.450,0.500,7.00,9.00,0.00
2018may-328,1.00,-1,0.450,3.50,-0.200,-0.0300,17.793,0.400,0.450,3.50,4.00,2.25
2018may-329,1.00,1,0.400,5.50,0.050,0.0150,28.689,0.400,0.400,5.50,6.50,1.75
2018may-330,1.00,-1,0.400,6.00,-0.050,0.0150,21.327,0.300,0.500,5.50,6.50,0.75
2018may-331,0.75,1,0.550,3.50,-0.050,0.0150,20.276,0.450,0.600,3.50,3.50,0.50
2018may-332,1.00,1,0.150,5.50,-0.050,-0.0300,19.532,0.150,0.150,5.50,5.50,1.00
2018may-333,0.75,1,0.800,4.00,0.100,0.0300,32.040,0.300,0.850,1.00,5.50,2.00
2018may-334,0.75,-1,0.400,4.00,0.000,0.0150,38.991,0.350,0.450,3.50,5.00,1.50
2018may-335,0.75,-1,0.250,3.00,-0.050,0.0000,89.030,0.250,0.250,3.00,3.00,1.00
2018may-336,1.00,-1,0.450,7.50,-0.050,-0.0150,35.327,0.450,0.600,4.50,7.50,0.25
2018may-337,1.00,1,0.900,5.50,0.100,-0.0150,30.938,0.850,0.900,5.50,6.00,1.75
2018may-338,1.00,1,0.400,6.00,0.000,0.0150,27.684,0.400,0.400,6.00,6.00,0.75
2018may-339,1.00,1,0.450,6.50,0.050,0.0000,91.180,0.450,0.450,6.50,6.50,0.75
2018may-340,1.00,1,0.550,5.50,0.100,0.0150,46.463,0.450,0.700,5.00,6.50,0.75
2018may-341,0.75,1,0.300,3.00,0.050,-0.0150,14.904,0.200,0.450,1.50,4.00,0.00
2018may-342,0.75,1,0.200,1.50,-0.200,-0.0300,0.661,0.200,0.950,1.00,1.50,0.00
2018may-343,0.75,-1,0.300,3.00,0.000,0.0300,45.993,0.300,0.300,3.00,3.00,1.25
2018may-344,0.75,1,0.650,4.00,0.000,-0.0150,29.020,0.650,0.650,4.00,4.00,0.25
2018may-345,1.00,1,0.550,5.00,0.100,0.0300,46.398,0.400,0.550,5.00,5.00,0.25
2018may-346,1.00,-1,0.400,6.00,0.000,0.0000,44.781,0.400,0.400,6.00,6.00,1.25
2018may-347,1.00,1,0.050,9.50,0.350,0.0000,15.493,0.050,0.100,6.00,10.00,0.75
2018may-348,1.00,-1,0.450,5.50,0.100,0.0150,94.154,0.450,0.450,5.50,5.50,1.25
2018may-349,1.00,-1,0.400,5.50,0.150,-0.0300,14.903,0.250,0.500,4.50,6.00,0.00
2018may-350,1.00,1,0.400,7.50,0.050,-0.0150,49.883,0.400,0.450,5.50,7.50,0.50
2018may-351,1.00,1,0.750,5.50,0.050,-0.0150,69.184,0.700,0.750,5.50,5.50,1.00
2018may-352,1.00,1,0.400,5.50,0.050,0.0300,24.594,0.400,0.400,5.50,5.50,0.75
2018may-353,1.00,-1,0.400,5.00,0.050,0.0000,32.737,0.250,0.400,5.00,5.50,0.00
2018may-354,1.00,1,0.250,5.00,0.550,-0.0300,5.271,0.250,0.750,2.00,5.00,0.25
2018may-355,0.75,-1,0.450,5.00,0.000,0.0150,30.228,0.450,0.450,5.00,5.00,1.50
2018may-356,0.75,1,0.350,4.00,-0.300,-0.0300,31.821,0.300,0.350,4.00,5.00,1.75
2018may-357,1.00,-1,0.400,5.50,0.000,-0.0150,31.593,0.350,0.400,5.50,6.50,0.75
2018may-358,0.75,1,0.350,5.50,0.050,0.0000,42.652,0.350,0.650,4.50,6.00,2.00
2018may-359,1.00,1,0.450,5.50,0.000,0.0150,44.197,0.450,0.450,5.50,5.50,2.00
2018may-360,1.00,-1,0.350,6.00,0.450,-0.0150,46.229,0.350,0.350,5.00,6.50,0.25
2018may-361,1.00,-1,0.500,6.00,-0.250,0.0150,33.340,0.350,0.500,5.50,7.50,0.25
2018may-362,0.75,1,0.500,5.00,-0.100,0.0000,45.425,0.500,0.550,5.00,5.00,0.00
2018may-363,1.00,-1,0.500,3.50,-0.250,-0.0300,18.155,0.450,0.500,3.50,3.50,0.50
2018may-364,0.75,1,0.350,5.00,-0.050,0.0150,30.746,0.350,0.350,5.00,5.00,1.00
2018may-365,1.00,1,0.600,4.00,0.050,-0.0300,23.354,0.600,0.750,3.50,4.50,0.00
2018may-366,0.75,1,0.300,4.50,-0.150,0.0000,55.723,0.300,0.300,4.50,6.50,1.25
2018may-367,0.75,-1,0.450,5.50,0.100,-0.0300,32.353,0.450,0.450,5.50,5.50,0.75
2018may-368,0.75,1,0.350,5.50,-0.150,-0.0150,24.970,0.350,0.750,2.50,6.00,1.00
2018may-369,0.75,-1,0.650,2.50,0.050,0.0150,17.325,0.600,0.700,2.50,2.50,2.25
2018may-370,0.75,-1,0.250,5.00,0.050,0.0300,13.463,0.250,0.250,5.00,5.50,0.50
2018may-371,1.00,-1,0.600,5.50,0.050,0.0150,77.805,0.400,0.600,5.50,6.00,1.25
2018may-372,1.00,1,0.650,5.50,-0.200,0.0300,58.055,0.650,0.750,5.50,5.50,0.75
2018may-373,1.00,-1,0.400,6.00,0.100,0.0300,47.752,0.350,0.450,6.00,7.00,0.00
2018may-374,1.00,1,0.400,6.00,0.000,-0.0150,28.264,0.400,0.400,5.50,6.00,0.50
2018may-375,1.00,-1,0.500,5.50,0.050,-0.0150,75.055,0.500,0.500,5.50,5.50,0.50
2018may-376,1.00,1,0.400,6.50,0.000,0.0300,29.304,0.350,0.400,6.00,6.50,0.50
2018may-377,1.00,-1,0.300,6.00,0.000,0.0000,57.216,0.250,0.300,6.00,7.00,1.25
2018may-378,0.75,-1,0.300,3.00,0.000,0.0000,58.478,0.250,0.300,3.00,3.00,0.50
2018may-379,0.75,1,0.350,5.00,0.100,0.0150,37.618,0.350,0.350,4.50,5.00,1.00
2018may-380,1.00,-1,0.450,5.50,0.300,0.0300,25.000,0.450,0.600,5.00,5.50,2.25
2018may-381,1.00,1,0.500,5.50,0.000,0.0000,62.463,0.500,0.500,5.50,5.50,1.25
2018may-382,1.00,-1,0.050,8.50,-0.250,0.0300,5.008,0.000,0.150,0.00,10.00,0.75
2018may-383,1.00,-1,0.400,6.00,0.000,0.0000,93.528,0.400,0.400,6.00,6.00,1.00
2018may-384,0.75,1,0.500,5.00,0.000,-0.0150,46.264,0.500,0.500,5.00,5.00,2.50
2018may-385,1.00,1,0.550,5.50,-0.050,0.0300,19.039,0.500,0.550,5.50,6.00,0.75
2018may-386,0.75,-1,0.650,2.50,0.050,0.0300,38.459,0.600,0.650,2.50,2.50,2.25
2018may-387,0.75,1,0.300,3.50,0.050,0.0000,42.459,0.300,0.350,2.50,4.00,1.00
2018may-388,0.75,1,0.450,4.00,0.000,0.0000,41.247,0.450,0.450,4.00,4.00,1.25
2018may-389,0.75,1,0.950,1.00,0.000,0.0000,12.491,0.650,1.000,0.50,1.50,1.25
2018may-390,1.00,1,0.450,5.00,-0.050,0.0000,89.299,0.450,0.450,5.00,5.00,1.00
2018may-391,1.00,1,0.700,5.50,0.000,-0.0150,49.228,0.650,0.700,5.00,5.50,1.00
2018may-392,1.00,1,0.250,4.50,0.250,0.0300,5.389,0.200,0.250,3.50,10.00,0.50
2018may-393,0.75,-1,0.300,4.00,0.050,0.0000,28.440,0.300,0.300,4.00,4.00,0.00
2018may-394,0.75,-1,0.350,4.50,-0.050,0.0000,28.508,0.350,0.750,3.50,4.50,1.00
2018may-395,1.00,1,0.600,3.00,0.000,0.0300,6.510,0.000,0.900,0.00,10.00,1.50
sji-1,0.75,-1,0.500,5.50,0.000,0.0000,37.354,0.500,0.500,5.50,5.50,2.00
sji-2,0.75,-1,0.350,4.50,0.050,-0.0150,79.648,0.350,0.350,4.50,4.50,1.25
sji-3,0.75,-1,0.200,7.00,0.000,0.0000,36.252,0.200,0.200,7.00,7.00,0.25
sji-4,0.75,1,0.250,6.50,0.100,-0.0150,22.293,0.250,0.250,6.50,6.50,0.25
sji-5,0.75,-1,0.050,9.50,0.500,-0.0300,4.149,0.050,1.000,0.00,10.00,1.50
sji-6,0.75,-1,0.500,5.50,-0.050,-0.0150,25.358,0.350,0.500,4.00,6.00,1.00
sji-7,0.75,1,0.300,5.50,0.100,-0.0300,20.040,0.300,0.300,5.50,6.00,2.25
sji-8,0.75,1,0.700,7.50,0.000,-0.0300,20.537,0.700,0.800,7.50,8.00,0.25
sji-9,0.75,1,0.950,2.00,-0.250,-0.0150,36.584,0.800,1.000,2.00,2.50,2.00
sji-10,0.75,1,0.500,6.50,-0.200,-0.0300,9.772,0.400,0.500,6.50,7.00,2.00
sji-11,0.75,1,0.250,10.00,-0.050,0.0300,10.193,0.250,0.750,1.00,10.00,0.75
sji-12,0.75,1,0.100,7.00,0.200,0.0150,-1.277,0.050,0.600,0.00,10.00,0.00
sji-13,0.75,1,0.550,7.00,-0.100,-0.0150,21.963,0.550,0.550,7.00,7.00,1.50
sji-14,0.75,-1,0.350,1.50,0.450,-0.0300,2.127,0.050,1.000,0.00,10.00,0.25
sji-15,0.75,1,0.400,6.00,0.500,0.0300,16.009,0.100,0.400,6.00,9.00,0.75
sji-16,0.75,1,0.350,7.50,0.500,0.0300,7.606,0.350,0.400,7.00,7.50,0.00
sji-17,0.75,1,0.250,3.50,-0.150,0.0000,11.083,0.250,0.300,2.50,3.50,1.75
sji-18,0.75,1,0.350,7.50,-0.200,0.0150,9.729,0.150,0.350,2.50,10.00,2.50
sji-19,0.75,1,0.400,1.50,0.200,-0.0300,12.703,0.300,0.900,1.00,10.00,0.50
sji-20,0.75,1,0.350,6.50,0.050,-0.0150,46.015,0.350,0.350,6.50,7.00,1.25
sji-21,0.75,1,0.950,1.50,0.000,0.0300,16.127,0.800,1.000,1.50,2.00,1.75
sji-22,0.75,1,0.450,4.50,-0.050,-0.0300,35.717,0.450,0.450,4.00,4.50,1.25
sji-23,0.75,-1,0.550,6.00,0.000,-0.0300,22.462,0.550,0.550,5.00,6.50,1.00
sji-24,0.75,-1,0.350,1.50,-0.600,-0.0300,-0.233,0.250,0.800,0.00,2.00,0.00
sji-25,0.75,-1,0.450,5.00,0.000,-0.0150,45.324,0.450,0.450,5.00,5.50,1.50
sji-26,0.75,1,0.600,6.50,-0.100,-0.0300,36.068,0.400,0.650,6.00,7.00,2.50
sji-27,0.75,-1,0.400,5.00,0.200,-0.0150,103.237,0.350,0.400,5.00,5.50,2.25
sji-28,0.75,-1,0.400,6.00,0.150,-0.0150,53.236,0.400,0.400,6.00,6.50,1.00
sji-29,0.75,-1,0.550,6.00,0.100,0.0300,6.137,0.450,0.800,5.00,6.50,0.00
sji-30,0.75,1,0.300,7.00,0.000,0.0000,42.953,0.300,0.300,6.50,7.00,0.50
sji-31,0.75,1,0.350,6.50,-0.050,-0.0300,50.279,0.350,0.350,6.50,7.00,1.75
sji-32,0.75,1,0.500,3.00,0.200,-0.0150,25.396,0.500,0.500,3.00,3.00,1.00
sji-33,0.75,1,0.400,3.00,-0.050,0.0000,67.091,0.400,0.400,3.00,3.00,1.25
sji-34,0.75,-1,0.300,6.50,0.000,0.0000,26.546,0.300,0.500,4.50,6.50,1.50
sji-35,0.75,1,0.400,5.00,-0.050,-0.0300,28.432,0.350,0.400,4.50,6.00,1.25
sji-36,0.75,-1,0.400,5.00,-0.050,0.0150,56.357,0.400,0.400,5.00,5.00,0.00
sji-37,0.75,-1,0.450,6.00,0.350,-0.0150,28.037,0.450,0.500,4.50,6.00,1.00
sji-38,0.75,1,0.900,2.00,0.300,0.0300,12.426,0.850,0.950,2.00,2.00,1.75
sji-39,0.75,-1,0.150,3.50,0.200,0.0000,15.081,0.150,0.200,2.50,4.00,0.50
sji-40,0.75,-1,0.400,6.00,-0.050,-0.0150,43.671,0.400,0.400,5.50,6.00,0.75
sji-41,0.75,-1,0.500,4.00,-0.600,-0.0150,17.219,0.350,0.550,3.50,4.00,1.25
sji-42,0.75,-1,0.250,8.00,0.600,-0.0300,2.325,0.250,0.250,8.00,8.00,0.75
sji-43,0.75,1,0.450,4.50,-0.050,0.0300,26.514,0.450,0.550,4.00,4.50,0.75
sji-44,0.75,-1,0.700,5.00,-0.150,0.0000,28.580,0.550,0.700,5.00,5.00,1.00
sji-45,0.75,1,0.250,5.00,-0.400,-0.0300,5.012,0.200,0.600,2.50,5.50,0.25
sji-46,0.75,-1,0.800,5.00,0.000,-0.0300,34.439,0.700,0.800,5.00,5.00,0.50
sji-47,0.75,1,0.150,0.00,0.350,-0.0300,8.152,0.100,0.200,0.00,4.50,0.50
sji-48,0.75,-1,0.600,7.50,0.200,0.0000,22.273,0.600,0.650,6.50,7.50,1.25
sji-49,0.75,-1,0.350,5.50,-0.200,-0.0300,17.811,0.300,0.450,5.50,7.50,1.00
sji-50,0.75,-1,0.300,5.00,0.600,0.0150,35.960,0.250,0.300,5.00,5.50,0.50
sji-51,0.75,1,0.350,5.50,0.000,0.0150,28.175,0.350,0.500,5.00,5.50,1.25
sji-52,0.75,-1,0.500,5.00,0.100,-0.0300,55.963,0.450,0.500,5.00,5.00,1.25
sji-53,0.75,-1,0.400,5.50,0.150,-0.0150,34.717,0.400,0.450,5.00,5.50,1.50
sji-54,0.75,-1,0.450,5.00,-0.050,-0.0300,39.695,0.450,0.450,5.00,5.00,1.25
sji-55,0.75,-1,0.800,3.00,0.100,0.0000,3.340,0.600,0.950,2.50,3.00,0.25
sji-56,0.75,-1,1.000,3.50,-0.400,-0.0300,25.362,0.700,1.000,3.50,3.50,2.25
sji-57,0.75,-1,0.400,5.50,0.000,-0.0150,23.438,0.350,0.400,5.00,6.00,0.00
sji-58,0.75,1,0.600,4.00,-0.050,0.0000,28.087,0.600,0.600,4.00,4.00,0.75
sji-59,0.75,-1,0.150,9.00,-0.150,-0.0300,28.417,0.150,0.150,8.50,9.50,0.75
sji-60,0.75,1,0.400,6.50,0.150,0.0150,47.636,0.400,0.400,5.00,6.50,1.00
sji-61,0.75,1,0.450,6.00,-0.100,0.0000,13.139,0.350,0.550,4.50,6.50,1.00
sji-62,0.75,-1,0.700,5.50,-0.050,0.0150,84.806,0.700,0.700,3.00,5.50,1.50
sji-63,0.75,1,0.250,5.00,-0.050,-0.0150,28.822,0.250,0.250,5.00,5.50,0.25
sji-64,0.75,-1,0.350,7.00,0.000,-0.0150,32.928,0.350,0.450,4.00,7.50,0.75
sji-65,0.75,1,0.300,8.00,0.150,0.0000,145.730,0.300,0.300,7.50,8.00,0.00
sji-66,0.75,-1,0.550,5.00,0.000,0.0000,40.870,0.500,0.650,4.50,5.50,1.00
sji-67,0.75,-1,0.400,2.50,0.050,0.0000,9.277,0.350,1.000,1.00,5.50,1.50
sji-68,0.75,1,0.450,3.50,0.000,0.0000,8.577,0.400,0.450,3.50,4.00,0.50
sji-69,0.75,-1,0.150,5.00,0.200,-0.0300,7.563,0.050,0.200,2.00,8.00,0.75
sji-70,0.75,1,0.350,6.50,0.100,0.0150,72.488,0.350,0.350,6.50,6.50,0.75
sji-71,0.75,1,0.450,5.00,-0.050,-0.0150,29.850,0.400,0.450,5.00,6.50,0.50
sji-72,0.75,-1,0.250,3.00,0.150,0.0000,8.929,0.250,0.400,2.00,5.00,0.00
sji-73,0.75,-1,0.650,3.50,-0.250,-0.0300,13.046,0.400,0.650,3.00,4.50,1.50
sji-74,0.75,-1,0.700,3.50,-0.400,0.0000,28.496,0.650,0.700,3.50,3.50,1.00
sji-75,0.75,1,0.900,5.50,0.050,-0.0300,46.191,0.900,0.900,4.50,6.00,0.50
sji-76,0.75,-1,0.200,7.00,-0.600,-0.0150,0.478,0.050,0.250,2.00,10.00,0.00
sji-77,0.75,1,0.700,2.00,-0.550,-0.0300,3.461,0.550,1.000,1.50,2.50,1.75
sji-78,0.75,-1,0.850,7.00,0.600,0.0000,6.354,0.050,0.900,3.00,10.00,1.25
sji-79,0.75,1,1.000,0.00,0.150,-0.0150,28.184,0.500,1.000,0.00,0.50,0.75
sji-80,0.75,1,0.150,3.50,0.000,-0.0300,4.931,0.000,0.250,0.00,10.00,0.50
sji-81,0.75,1,0.650,0.50,0.600,-0.0150,4.122,0.050,0.900,0.00,6.00,1.50
sji-82,0.75,1,0.250,4.50,0.250,0.0150,7.221,0.200,0.350,3.50,7.50,0.00
sji-83,0.75,-1,0.700,8.50,0.150,0.0300,16.148,0.700,0.700,8.00,9.00,0.75
sji-84,0.75,-1,0.800,3.50,-0.100,-0.0300,29.878,0.800,0.800,3.50,3.50,0.50
sji-85,0.75,-1,0.350,3.00,0.050,-0.0300,13.186,0.300,0.400,3.00,3.50,0.75
sji-86,0.75,-1,0.500,5.50,0.050,-0.0150,34.056,0.400,0.650,5.00,6.00,1.00
sji-87,0.75,1,0.350,6.00,0.050,0.0300,56.458,0.350,0.350,6.00,6.00,1.50
sji-88,0.75,1,0.450,5.00,-0.150,-0.0300,32.088,0.450,0.700,4.50,5.00,1.75
sji-89,0.75,-1,0.400,5.50,0.050,0.0300,12.117,0.350,0.400,5.00,7.00,0.75
sji-90,0.75,1,0.350,6.50,-0.100,-0.0150,18.052,0.250,0.800,3.00,9.50,1.75
sji-91,0.75,1,0.300,6.00,0.050,0.0300,35.257,0.300,0.450,5.00,6.50,1.75
sji-92,0.75,1,0.500,7.50,-0.400,0.0300,9.607,0.500,0.500,7.50,7.50,1.25
sji-93,0.75,-1,0.500,5.00,-0.050,0.0150,51.581,0.500,0.500,5.00,5.00,1.25
sji-94,0.75,-1,0.400,5.50,-0.100,-0.0300,24.101,0.400,0.450,4.50,6.50,1.75
sji-95,0.75,-1,0.550,3.00,0.050,-0.0300,24.761,0.550,0.550,3.00,3.00,2.00
sji-96,0.75,-1,0.500,2.50,0.250,-0.0300,8.884,0.500,0.550,2.00,3.00,0.75
sji-97,0.75,-1,0.900,3.00,0.200,-0.0300,5.894,0.900,1.000,3.00,3.50,2.25
sji-98,0.75,-1,0.350,1.00,0.050,-0.0300,21.638,0.300,0.400,1.00,1.00,1.25
sji-99,0.75,-1,0.800,4.00,-0.350,0.0300,31.144,0.550,0.800,4.00,5.00,0.50
sji-100,0.75,-1,0.400,4.50,-0.150,-0.0300,31.226,0.350,0.550,3.50,5.00,1.50
sji-101,0.75,-1,0.850,2.00,-0.400,0.0000,10.430,0.750,1.000,1.50,5.00,2.00
sji-102,0.75,-1,0.400,5.00,0.150,-0.0150,40.068,0.400,0.400,5.00,5.50,1.25
sji-103,0.75,1,0.650,5.50,0.050,0.0000,98.506,0.550,0.650,5.50,6.00,2.00
sji-104,0.75,1,0.250,7.00,0.000,-0.0150,43.763,0.250,0.350,5.50,7.50,0.75
sji-105,0.75,1,0.750,4.00,-0.200,-0.0300,24.426,0.750,0.950,4.00,4.50,0.75
sji-106,0.75,1,0.500,5.00,0.100,0.0150,93.187,0.400,0.550,5.00,6.00,1.25
sji-107,0.75,-1,0.450,4.50,0.000,0.0000,67.082,0.400,0.450,4.50,5.50,1.00
sji-108,0.75,-1,0.300,7.00,0.000,0.0000,45.564,0.300,0.300,6.50,7.00,1.25
sji-109,0.75,1,0.500,4.50,0.100,0.0300,34.509,0.500,0.500,4.50,4.50,0.50
sji-110,0.75,1,0.400,6.00,-0.050,0.0000,30.257,0.400,0.400,5.50,6.00,0.00
sji-111,0.75,-1,0.400,5.50,-0.050,-0.0300,18.819,0.400,0.400,5.00,5.50,3.00
sji-112,0.75,-1,0.450,6.50,0.150,-0.0300,30.095,0.450,0.450,6.50,6.50,0.75
sji-113,0.75,1,0.500,5.50,0.000,0.0300,32.500,0.450,0.550,5.00,6.50,0.75
sji-114,0.75,1,0.300,5.50,0.150,-0.0150,26.368,0.300,0.300,5.50,5.50,0.50
sji-115,0.75,1,0.400,4.50,0.100,-0.0150,38.083,0.400,0.400,4.50,5.00,1.25
sji-116,0.75,1,0.400,5.00,-0.100,-0.0300,23.934,0.350,0.400,4.50,6.00,0.50
sji-117,0.75,-1,0.400,5.00,0.000,0.0000,61.792,0.400,0.400,5.00,5.00,0.75
sji-118,0.75,1,0.400,5.00,0.000,0.0000,94.684,0.400,0.400,5.00,5.00,1.00
sji-119,0.75,1,0.750,3.50,0.050,-0.0150,42.819,0.700,0.800,3.00,5.50,1.25
sji-120,0.75,-1,0.850,1.00,0.000,-0.0150,10.694,0.400,1.000,0.00,3.50,1.50
sji-121,0.75,1,0.350,4.50,-0.200,-0.0300,0.276,0.100,0.350,4.50,6.00,0.25
sji-122,0.75,-1,0.550,1.50,-0.100,-0.0300,5.721,0.150,0.600,1.50,2.50,0.25
sji-123,0.75,-1,0.950,6.50,-0.400,-0.0300,27.230,0.950,0.950,6.50,6.50,1.75
sji-124,0.75,-1,0.550,6.00,0.050,-0.0300,28.797,0.550,0.600,5.50,6.00,1.50
sji-125,0.75,-1,0.400,4.50,0.000,-0.0300,13.547,0.350,0.450,4.00,5.00,1.50
sji-126,0.75,-1,1.000,4.50,0.000,-0.0300,42.839,1.000,1.000,4.50,4.50,2.00
sji-127,0.75,1,0.600,3.00,-0.100,-0.0300,11.933,0.600,0.600,3.00,3.00,0.00
sji-128,0.75,-1,0.650,6.50,0.550,0.0150,16.091,0.650,0.750,5.50,8.50,1.00
sji-129,0.75,-1,0.450,4.00,0.100,0.0300,-0.294,0.350,0.550,3.50,9.50,0.00
sji-130,0.75,-1,0.850,1.50,-0.200,0.0300,8.550,0.850,0.900,1.50,1.50,1.75
sji-131,0.75,-1,0.650,5.00,0.000,-0.0150,44.373,0.650,0.700,5.00,5.00,0.00
sji-132,0.75,-1,0.600,4.50,-0.050,-0.0300,39.801,0.400,0.650,4.50,5.00,0.75
sji-133,0.75,1,0.200,5.50,0.050,-0.0300,6.404,0.150,0.300,4.50,7.00,0.00
sji-134,0.75,-1,0.350,2.00,0.150,-0.0300,28.153,0.200,0.350,2.00,6.50,0.50
sji-135,0.75,1,0.100,6.00,-0.100,-0.0300,5.861,0.000,0.800,0.00,10.00,1.25
sji-136,0.75,1,0.450,5.00,0.000,0.0150,36.596,0.400,0.450,5.00,5.50,0.75
sji-137,0.75,-1,0.550,5.00,-0.050,0.0000,42.135,0.550,0.550,5.00,5.00,0.50
sji-138,0.75,-1,0.300,4.00,-0.050,-0.0150,32.416,0.300,0.550,3.50,4.50,1.50
sji-139,0.75,-1,0.450,5.50,0.000,0.0000,82.055,0.350,0.450,5.00,5.50,1.25
sji-140,0.75,1,0.350,7.50,0.000,0.0000,42.638,0.350,0.450,6.00,7.50,1.25
sji-141,0.75,1,0.350,5.00,0.100,0.0150,48.825,0.300,0.550,4.00,5.50,2.00
sji-142,0.75,1,0.300,5.50,0.000,0.0300,7.181,0.250,0.300,5.00,7.00,0.00
sji-143,0.75,-1,0.400,5.00,0.050,0.0000,66.975,0.400,0.450,5.00,5.00,1.00
sji-144,0.75,-1,0.400,5.00,0.000,0.0000,46.091,0.400,0.400,5.00,5.00,0.75
sji-145,0.75,1,0.950,4.00,0.000,0.0150,16.976,0.800,1.000,4.00,4.50,1.75
sji-146,0.75,-1,0.500,5.50,0.000,-0.0150,61.650,0.500,0.500,5.50,6.00,2.50
sji-147,0.75,1,0.450,4.50,-0.100,0.0150,89.340,0.400,0.450,4.50,4.50,1.25
sji-148,0.75,1,0.400,5.00,0.100,0.0150,43.893,0.400,0.400,5.00,5.00,0.00
sji-149,0.75,-1,0.350,5.50,0.050,-0.0150,73.399,0.350,0.350,5.50,5.50,1.25
sji-150,0.75,-1,0.400,4.00,0.050,0.0000,43.330,0.400,0.450,4.00,5.00,1.00
sji-151,0.75,-1,0.450,4.00,0.100,-0.0150,37.694,0.450,0.450,4.00,4.00,0.75
sji-152,0.75,1,0.400,5.00,0.100,0.0000,21.227,0.250,0.400,5.00,7.00,0.75
sji-153,0.75,1,0.350,5.50,0.050,-0.0150,32.059,0.350,0.350,5.50,5.50,0.75
sji-154,0.75,-1,0.700,2.00,0.050,0.0150,27.968,0.500,0.900,1.00,3.00,1.25
sji-155,0.75,1,0.400,6.00,-0.100,-0.0150,41.619,0.400,0.400,5.50,6.50,0.75
sji-156,0.75,1,0.450,7.00,0.000,0.0150,30.427,0.450,0.450,6.50,7.00,0.75
sji-157,0.75,1,0.450,5.00,0.000,0.0000,39.092,0.450,0.450,5.00,5.00,0.00
sji-158,0.75,-1,0.450,6.00,0.050,-0.0150,69.890,0.450,0.800,5.00,6.00,1.50
sji-159,0.75,-1,0.400,4.50,0.000,0.0000,48.523,0.400,0.400,4.50,4.50,1.25
sji-160,0.75,1,0.400,6.50,0.000,0.0000,44.824,0.400,0.400,6.50,6.50,0.50
sji-161,0.75,-1,0.400,6.00,0.050,0.0000,30.004,0.350,0.450,4.00,6.50,1.25
sji-162,0.75,1,0.350,6.00,0.100,0.0300,46.005,0.350,0.400,5.50,6.00,0.00
sji-163,0.75,1,1.000,3.00,0.350,0.0300,15.947,1.000,1.000,3.00,3.00,2.50
sji-164,0.75,1,0.350,3.50,0.150,0.0000,24.263,0.350,0.400,3.50,3.50,1.50
sji-165,0.75,-1,0.350,2.50,-0.100,-0.0300,8.565,0.250,0.450,2.50,2.50,1.50
sji-166,0.75,-1,0.400,2.00,0.150,0.0000,11.924,0.350,0.400,0.00,2.00,0.50
sji-167,0.75,-1,0.800,1.50,0.250,0.0000,13.834,0.450,0.800,1.50,4.00,1.25
sji-168,0.75,-1,0.500,4.00,-0.550,0.0300,6.802,0.450,0.600,4.00,6.50,0.25
sji-169,0.75,-1,0.500,9.00,0.150,-0.0300,21.844,0.400,0.500,1.00,9.00,0.00
sji-170,0.75,1,0.900,3.00,0.050,0.0300,14.596,0.250,0.900,3.00,5.00,2.50
sji-171,0.75,-1,0.200,3.00,-0.350,-0.0150,1.165,0.200,0.300,1.00,3.50,0.00
sji-172,0.75,-1,0.350,3.50,-0.200,0.0300,16.820,0.300,0.650,3.00,4.00,0.00
sji-173,0.75,-1,0.050,8.50,-0.150,-0.0300,14.745,0.050,0.100,4.50,9.00,0.75
sji-174,0.75,-1,0.400,6.00,-0.200,0.0300,37.101,0.400,0.400,6.00,6.00,0.75
sji-175,0.75,1,0.450,5.00,-0.050,0.0000,76.290,0.450,0.450,5.00,5.50,0.75
sji-176,0.75,-1,0.450,6.00,-0.100,0.0300,40.286,0.400,0.450,6.00,7.00,0.00
sji-177,0.75,-1,0.150,0.00,-0.500,0.0000,0.528,0.000,0.350,0.00,10.00,0.00
sji-178,0.75,1,0.150,7.50,-0.400,0.0000,15.113,0.150,0.200,6.00,8.00,0.75
sji-179,0.75,1,1.000,2.00,-0.050,-0.0150,18.122,0.550,1.000,1.50,2.50,1.75
sji-180,0.75,-1,0.350,9.00,0.200,-0.0300,7.061,0.250,0.700,0.00,10.00,0.50
sji-181,0.75,-1,0.450,7.00,-0.050,-0.0300,19.183,0.450,0.450,6.50,7.00,2.00
sji-182,0.75,1,0.300,6.50,-0.100,0.0150,48.466,0.300,0.300,6.50,6.50,1.00
sji-183,0.75,-1,0.450,6.00,-0.050,-0.0300,51.403,0.400,0.450,6.00,6.50,0.25
sji-184,0.75,1,0.400,4.00,0.200,0.0000,77.222,0.400,0.400,4.00,4.00,1.25
sji-185,0.75,1,0.400,6.50,0.200,-0.0150,8.591,0.400,0.600,5.50,7.00,0.25
sji-186,0.75,1,0.550,0.50,0.350,-0.0300,11.066,0.350,0.600,0.00,1.50,0.00
sji-187,0.75,1,0.450,6.00,-0.050,-0.0150,57.789,0.450,0.500,5.50,6.00,0.50
sji-188,0.75,1,0.400,3.50,-0.150,0.0000,27.827,0.350,0.550,3.00,3.50,0.00
sji-189,0.75,-1,0.500,8.50,0.100,0.0300,19.528,0.500,0.500,8.50,8.50,0.75
sji-190,0.75,-1,0.600,5.50,-0.450,0.0150,34.880,0.600,0.600,5.00,5.50,0.75
sji-191,0.75,1,0.400,6.50,-0.100,0.0300,30.037,0.250,0.400,5.50,7.00,1.50
sji-192,0.75,1,0.750,5.50,-0.050,0.0300,57.177,0.750,0.800,5.50,6.00,1.75
sji-193,0.75,-1,0.700,0.00,-0.100,0.0000,-1.702,0.000,0.900,0.00,10.00,0.00
sji-194,0.75,-1,0.500,4.50,0.000,0.0150,23.513,0.450,0.600,4.00,5.50,0.00
sji-195,0.75,1,0.500,8.00,0.200,0.0150,28.086,0.500,0.550,7.50,8.00,0.25
sji-196,0.75,-1,0.450,4.50,0.000,-0.0300,20.001,0.400,0.450,4.50,7.00,0.00
sji-197,0.75,1,0.450,5.50,0.050,0.0000,55.372,0.400,0.550,5.00,6.00,1.75
sji-198,0.75,-1,0.450,5.00,0.050,-0.0150,44.685,0.400,0.450,5.00,5.50,1.25
sji-199,0.75,-1,0.500,3.00,-0.050,0.0300,5.461,0.200,0.800,3.00,6.50,1.50
sji-200,0.75,1,0.300,5.00,-0.100,0.0150,24.297,0.300,0.300,4.50,5.00,1.25
sji-201,0.75,1,0.700,4.00,0.150,-0.0150,7.115,0.450,0.700,3.50,4.00,0.00
sji-202,0.75,1,0.350,7.00,-0.050,-0.0150,37.929,0.350,0.350,6.50,7.00,0.75
sji-203,0.75,1,0.450,4.00,0.050,0.0300,26.469,0.300,0.450,4.00,6.00,0.00
sji-204,0.75,1,0.400,6.00,-0.050,0.0000,65.840,0.400,0.400,6.00,6.00,1.00
sji-205,0.75,-1,0.500,5.50,0.300,0.0300,28.929,0.500,0.500,5.50,5.50,2.25
sji-206,0.75,1,0.350,6.50,0.100,0.0300,30.608,0.300,0.600,3.50,8.00,2.25
sji-207,0.75,-1,0.500,5.50,0.150,-0.0150,43.126,0.450,0.550,5.00,5.50,1.25
sji-208,0.75,1,0.550,6.50,0.050,-0.0150,71.119,0.500,0.550,6.50,7.00,0.75
sji-209,0.75,1,0.250,5.50,-0.400,-0.0150,5.290,0.200,0.350,5.00,6.50,0.25
sji-210,0.75,-1,0.400,5.50,-0.150,-0.0300,23.568,0.250,0.400,5.00,8.00,2.00
sji-211,0.75,1,0.250,3.00,-0.150,0.0150,18.138,0.100,0.450,3.00,7.50,0.25
sji-212,0.75,1,0.800,5.00,0.150,0.0150,43.639,0.800,0.900,4.50,5.00,1.00
sji-213,0.75,1,1.000,2.00,-0.150,0.0300,29.276,1.000,1.000,2.00,2.00,0.75
sji-214,0.75,-1,0.350,5.00,0.000,-0.0150,61.793,0.350,0.350,5.00,5.00,1.00
sji-215,0.75,-1,0.350,5.50,0.000,0.0150,21.117,0.300,0.350,5.00,6.50,1.50
sji-216,0.75,1,0.500,5.00,0.000,0.0300,33.567,0.500,0.550,5.00,5.00,1.25
sji-217,0.75,1,0.450,5.00,0.000,0.0000,41.653,0.400,0.450,4.50,5.50,0.00
sji-218,0.75,-1,0.400,3.00,-0.300,0.0150,82.125,0.400,0.400,3.00,3.00,1.75
sji-219,0.75,-1,0.950,3.00,0.050,0.0150,17.140,0.900,1.000,3.00,3.00,2.50
sji-220,0.75,-1,0.400,4.50,0.050,0.0000,40.423,0.350,0.400,4.50,5.00,1.25
sji-221,0.75,1,0.500,5.00,-0.050,0.0000,38.662,0.200,0.600,3.50,6.00,2.25
sji-222,0.75,1,0.350,5.50,0.050,0.0150,34.060,0.350,0.350,5.50,5.50,1.25
sji-223,0.75,1,0.550,6.00,-0.050,0.0150,52.936,0.550,0.550,6.00,6.00,0.75
sji-224,0.75,-1,0.350,5.50,0.150,0.0150,42.241,0.350,0.400,5.00,5.50,0.25
sji-225,0.75,-1,0.300,7.00,0.000,-0.0300,27.459,0.300,0.300,7.00,7.00,1.25
sji-226,0.75,-1,0.350,6.00,-0.050,0.0150,43.971,0.350,0.350,6.00,6.00,1.25
sji-227,0.75,1,0.450,5.00,0.000,0.0000,43.738,0.450,0.450,5.00,5.00,0.50
sji-228,0.75,1,0.350,6.00,0.000,-0.0150,27.444,0.350,0.350,6.00,6.50,1.50
sji-229,0.75,1,0.400,5.50,0.050,0.0150,39.754,0.400,0.400,5.50,6.00,1.00
sji-230,0.75,1,0.400,6.50,0.000,-0.0150,47.372,0.400,0.400,6.50,6.50,0.75
sji-231,0.75,1,0.450,4.50,-0.050,0.0150,42.737,0.450,0.450,4.50,4.50,1.00
sji-232,0.75,-1,0.350,6.00,0.000,0.0000,33.227,0.350,0.450,6.00,6.50,0.25
sji-233,0.75,1,0.550,2.50,0.200,0.0150,24.551,0.400,0.550,2.50,6.00,0.00
sji-234,0.75,-1,0.400,6.50,0.050,0.0000,38.572,0.400,0.400,6.50,6.50,0.50
sji-235,0.75,-1,0.100,0.00,-0.450,0.0150,0.470,0.050,0.200,0.00,0.50,1.00
sji-236,0.75,1,0.150,5.00,-0.100,0.0150,7.999,0.050,1.000,2.00,9.00,0.25
sji-237,0.75,-1,0.700,6.00,-0.050,-0.0300,16.607,0.650,0.850,5.00,6.50,0.00
sji-238,0.75,-1,0.300,2.00,0.600,0.0150,12.261,0.300,0.300,2.00,2.00,0.75
sji-239,0.75,-1,1.000,6.50,0.150,0.0300,35.575,0.900,1.000,5.50,6.50,2.50
sji-240,0.75,-1,1.000,1.00,-0.200,0.0300,9.088,0.750,1.000,1.00,1.50,1.50
sji-241,0.75,-1,0.500,10.00,-0.300,0.0300,15.060,0.500,0.650,5.00,10.00,1.25
sji-242,0.75,1,0.250,5.00,0.150,0.0150,4.258,0.250,0.750,0.50,5.00,0.75
sji-243,0.75,1,0.350,5.00,-0.150,-0.0150,46.722,0.350,0.350,5.00,5.00,0.50
sji-244,0.75,1,0.300,10.00,-0.150,-0.0300,5.507,0.300,0.300,10.00,10.00,0.00
sji-245,0.75,1,0.500,9.50,-0.100,0.0300,22.604,0.450,0.500,9.50,10.00,0.75
sji-246,0.75,-1,0.050,8.50,0.000,0.0150,7.967,0.050,0.150,4.50,9.50,0.75
sji-247,0.75,-1,0.400,5.00,0.200,0.0000,59.573,0.400,0.400,5.00,5.00,0.50
sji-248,0.75,1,0.600,6.50,-0.150,-0.0300,82.351,0.600,0.600,6.50,6.50,0.75
sji-249,0.75,1,1.000,2.50,0.050,-0.0300,15.955,0.900,1.000,2.50,2.50,1.50
sji-250,0.75,1,0.400,5.50,-0.050,0.0150,26.849,0.400,0.400,5.50,6.00,0.75
sji-251,0.75,-1,0.450,1.00,0.100,-0.0300,14.167,0.250,0.500,1.00,2.00,0.00
sji-252,0.75,1,0.450,6.00,0.000,0.0000,48.070,0.450,0.450,6.00,6.00,0.50
sji-253,0.75,-1,0.550,5.50,0.250,-0.0300,32.288,0.550,0.750,5.00,5.50,1.00
sji-254,0.75,1,0.400,5.50,0.000,0.0000,47.074,0.400,0.400,5.50,5.50,0.75
sji-255,0.75,-1,0.450,4.50,0.000,0.0000,33.241,0.450,0.450,4.50,5.50,0.25
sji-256,0.75,1,0.400,6.50,0.050,0.0150,59.414,0.400,0.400,6.50,6.50,0.75
sji-257,0.75,-1,0.300,6.50,0.000,0.0000,47.314,0.300,0.300,5.50,6.50,0.50
sji-258,0.75,-1,0.200,10.00,-0.200,0.0300,2.226,0.000,0.350,0.00,10.00,0.50
sji-259,0.75,1,0.100,9.00,-0.050,0.0000,4.875,0.050,0.150,4.50,10.00,0.75
sji-260,0.75,-1,0.450,5.50,0.000,0.0000,31.326,0.400,0.500,5.50,6.00,1.75
sji-261,0.75,1,0.450,6.00,0.150,0.0150,65.399,0.450,0.450,6.00,6.00,1.25
sji-262,0.75,-1,0.650,6.50,-0.100,-0.0300,39.242,0.550,0.700,6.50,6.50,0.25
sji-263,0.75,-1,0.400,6.50,-0.050,0.0150,72.777,0.400,0.400,6.50,6.50,0.50
sji-264,0.75,-1,0.050,9.50,0.500,0.0300,26.603,0.050,0.200,1.50,10.00,0.50
sji-265,0.75,-1,0.350,6.00,-0.200,0.0150,91.235,0.350,0.400,6.00,6.50,1.00
sji-266,0.75,1,0.400,9.00,-0.050,-0.0300,29.808,0.400,0.400,9.00,9.00,0.75
sji-267,0.75,-1,0.250,6.50,0.250,-0.0300,25.056,0.250,0.250,6.50,6.50,2.25
sji-268,0.75,1,0.450,6.00,-0.050,0.0000,23.853,0.400,0.450,6.00,6.50,0.75
sji-269,0.75,1,0.400,4.50,0.050,0.0150,22.558,0.300,0.550,3.50,5.50,1.00
sji-270,0.75,-1,0.500,5.50,-0.050,-0.0300,31.997,0.450,0.500,5.00,6.50,1.00
sji-271,0.75,1,0.400,6.00,0.000,0.0000,99.983,0.400,0.500,5.50,6.00,1.00
sji-272,0.75,1,0.350,5.50,0.050,0.0000,61.076,0.350,0.350,5.50,5.50,1.00
sji-273,0.75,-1,0.350,5.50,0.000,0.0000,33.805,0.350,0.350,5.50,5.50,0.25
sji-274,0.75,-1,0.500,5.00,0.000,0.0150,58.115,0.500,0.550,5.00,5.50,0.00
sji-275,0.75,-1,0.800,3.50,0.000,0.0300,31.904,0.800,0.800,3.50,4.00,0.00
sji-276,0.75,-1,0.200,6.00,-0.150,0.0300,7.035,0.200,0.850,2.50,6.00,1.50
sji-277,0.75,1,0.400,6.50,0.000,0.0150,38.733,0.400,0.400,6.50,6.50,0.25
sji-278,0.75,1,0.250,7.50,0.000,-0.0150,17.825,0.250,0.500,5.50,8.50,1.25
sji-279,0.75,1,0.400,5.50,0.050,0.0150,18.065,0.350,0.750,4.50,7.00,0.00
sji-280,0.75,1,0.400,6.00,0.050,0.0000,33.110,0.400,0.400,6.00,6.50,0.25
sji-281,0.75,-1,0.350,5.50,0.000,0.0000,33.582,0.350,0.350,5.50,5.50,0.00
sji-282,0.75,1,0.200,7.00,0.000,0.0150,21.704,0.200,0.350,5.50,7.00,1.75
sji-283,0.75,-1,0.350,5.00,0.000,0.0000,41.137,0.300,0.350,5.00,5.50,1.25
sji-284,0.75,-1,0.400,6.50,0.050,0.0150,67.414,0.400,0.400,6.50,7.00,1.00
sji-285,0.75,1,0.450,5.50,-0.050,0.0000,88.136,0.450,0.450,5.50,5.50,1.25
sji-286,0.75,-1,0.400,6.50,0.100,0.0150,28.449,0.400,0.450,4.00,6.50,1.00
sji-287,0.75,1,0.500,4.50,0.000,0.0000,112.183,0.450,0.500,4.50,5.00,0.00
sji-288,0.75,-1,0.350,5.00,0.000,-0.0150,4.038,0.150,0.450,2.50,5.50,0.00
sji-289,0.75,1,0.900,4.50,-0.300,-0.0300,9.738,0.850,0.900,4.50,4.50,2.25
sji-290,0.75,-1,0.250,9.50,-0.150,-0.0150,15.774,0.250,0.300,8.00,10.00,1.75
sji-291,0.75,-1,0.400,6.00,0.000,0.0300,24.037,0.400,0.400,6.00,7.00,0.50
sji-292,0.75,-1,0.450,5.00,-0.350,-0.0150,17.973,0.450,0.600,3.50,5.00,1.50
sji-293,0.75,-1,0.400,6.00,0.200,0.0000,76.611,0.400,0.400,6.00,6.00,0.50
sji-294,0.75,-1,0.000,0.00,-0.250,0.0000,13.285,0.000,0.100,0.00,10.00,1.00
sji-295,0.75,-1,0.950,4.00,-0.050,-0.0150,17.652,0.900,0.950,4.00,5.00,3.00
sji-296,0.75,1,0.450,5.00,0.100,-0.0150,42.385,0.400,0.450,5.00,6.00,1.00
sji-297,0.75,-1,0.400,5.50,0.250,0.0000,39.433,0.400,0.500,4.50,5.50,0.00
sji-298,0.75,1,0.200,10.00,-0.200,0.0000,2.643,0.200,0.200,9.50,10.00,2.00
sji-299,0.75,-1,0.500,8.00,-0.400,-0.0300,19.903,0.500,0.500,7.00,8.00,0.25
sji-300,0.75,-1,0.950,5.00,0.150,-0.0300,23.751,0.700,0.950,5.00,5.00,2.25
sji-301,0.75,1,0.150,2.00,-0.350,-0.0150,3.744,0.000,0.200,0.00,10.00,0.50
sji-302,0.75,1,0.450,8.50,0.000,0.0150,1.506,0.000,0.500,0.00,10.00,1.00
sji-303,0.75,1,0.300,7.00,0.150,0.0300,39.326,0.300,0.750,4.50,7.00,1.25
sji-304,0.75,-1,0.450,5.50,0.000,0.0150,60.413,0.450,0.450,5.50,5.50,0.75
sji-305,0.75,-1,0.400,3.50,0.000,-0.0300,92.821,0.400,0.400,3.50,4.00,1.50
sji-306,0.75,-1,0.150,6.00,-0.500,0.0300,-6.270,0.150,0.250,4.00,6.50,0.25
sji-307,0.75,-1,0.550,5.00,0.000,0.0150,52.040,0.550,0.550,5.00,5.00,1.00
sji-308,0.75,-1,0.400,2.50,0.100,0.0150,-2.867,0.250,0.500,2.00,3.50,0.00
sji-309,0.75,-1,0.250,9.50,-0.100,0.0150,14.855,0.250,0.250,8.50,10.00,1.00
sji-310,0.75,-1,0.450,5.50,0.000,0.0000,35.412,0.450,0.500,5.50,6.00,0.25
sji-311,0.75,1,0.450,5.00,0.150,-0.0300,23.902,0.450,0.550,5.00,6.50,1.00
sji-312,0.75,1,0.900,5.00,0.050,0.0300,31.071,0.850,0.900,5.00,5.00,1.75
sji-313,0.75,1,0.300,6.00,0.100,-0.0150,21.902,0.300,0.400,5.50,6.50,0.25
sji-314,0.75,-1,0.600,10.00,0.450,0.0300,19.642,0.600,0.600,10.00,10.00,0.00
sji-315,0.75,-1,0.450,6.00,0.000,0.0150,31.562,0.400,0.500,5.50,7.00,1.75
sji-316,0.75,-1,0.400,5.50,0.050,0.0000,59.777,0.400,0.400,5.50,5.50,1.25
sji-317,0.75,-1,0.350,6.00,0.050,0.0150,29.820,0.350,0.400,5.00,6.00,1.00
sji-318,0.75,1,0.550,5.00,0.000,0.0150,28.578,0.400,0.550,5.00,5.50,1.00
sji-319,0.75,1,0.450,5.50,0.100,0.0150,24.517,0.400,0.500,4.00,6.00,0.25
sji-320,0.75,1,0.450,5.50,0.000,0.0000,29.103,0.450,0.450,5.00,5.50,1.25
sji-321,0.75,1,0.550,4.00,-0.050,-0.0150,24.368,0.350,0.600,3.50,4.50,1.00
